stop_id,40.ida,40.reg,41.ida ,41.reg,42.ida,42.reg,43.ida,43.reg,44.ida,44.reg,50.ida,50.reg,51.ida,51.reg,52.ida,52.reg,53.ida,53.reg,54.ida,54.reg,55.ida,55.reg,d50.ida,d50.reg,500,501,600,601
7000,X,,,,,,X,,,,,,,,,,,,,,,,,,,,,
7001,X,,,,,,X,,,,,,,,,,,,,,,,,,,,,
7002,X,,,,,,X,,,,,,,,,,,,,,,,,,,,,
7003,X,,,,,,X,,,,,,,,,,,,,,,,,,,,,
7004,X,,,,,,X,,,,,,,,,,,,,,,,,,,,,
7005,X,,,,,,,,,,,,,,,,,,,,,,,,,,,
7006,X,,,,,,,,,,,,,,,,,,,,,,,,,,,
7007,X,,,,,,,,,,,,,,,,,,,,,,,,,,,
7008,X,,,,,,,,,,,,,,,,,,,,,,,,,,,
7009,X,,,,,,,,,,,,,,,,,,,,,,,,,,,
7010,X,,,,,,,,,,,,,,,,,,,,,,,,,,,
7011,X,,,,,,,,,,,,,,,,,,,,,,,,,,,
7012,X,,,,,,,,,,,,,,,,,,,,,,,,,,,
7013,X,,,,,,,,,,,,,,,,,,,,,,,,,,,
7014,X,,,,,,,,,,,,,,,,,,,,,,,,,,,
7015,X,,,,,,,,,,,,,,,,,,,,,,,,,,,
7016,X,,,,,,,,,,,,,,,,,,,,,,,,,,,
7017,X,,,,,,,,,,,,,,,,,,,,,,,,,,,
7018,X,,,,,,,,,,,,,,,,,,,,,,,,,,,
7019,X,,,,,,,,,,,,,,,,,,,,,,,,,,,
7020,X,,,,,,,,,,,,,,,,,,,,,,,,,,,
7021,X,,,,,,,,,,,,,,,,,,,,,,,,,,,
7022,X,,,,X,,,,,,,,,,,,,,,,,,,,,,,
7023,X,,,,,,,,,,,,,,,,,,,,,,,,,,,
7024,X,,,,,,,,,,,,,,,,,,,,,,,,,,,
7025,X,,,,,,,,,,,,,,,,,,,,,,,,,,,
7026,X,,,,,,,,,,,,,,,,,,,,,,,,,,,
7027,X,,,,,,,,,,,,,,,,,,,,,,,,,,,
7028,X,,,,,,,,,,,,,,,,,,,,,,,,,,,
7029,X,,,,,,,,,,,,,,,,,,,,,,,,,,,
7030,X,,,,,,,,,,,,,,,,,,,,,,,,,,,
7031,X,,,,,X,,,,,,,,,,,,,,,,,,,,,,
7032,X,,,,,X,,,,,,,,,,,,,,,,,,,,,,
7033,X,,,,,X,,,,,,,,,,,,,,,,,,,,,,
7034,X,,,,,X,,,,,,,,,,,,,,,,,,,,,,
7035,X,,,,,X,,,,,,,,,,,,,,,,,,,,,,
7036,X,,,,,X,,,,,,,,,,,,,,,,,,,,,,
7037,X,,,,,X,,,,,,,,,,,,,,,,,,,,,,
7038,X,,,,,X,,,,,,,,,,,,,,,,,,,,,,
7039,X,,,,,X,,,,,,,,,,,,,,,,,,,X,,,
7040,X,,,,,X,X,,,,,,,,,,,,,,,,,,,,,
7041,X,,,,,X,X,,,,,,,,,,,,,,,,,,,,,
7042,X,,,,,X,,,,,,,,,,,,,,,,,,,,,,
7043,X,,,,,X,,,,,,,,,,,,,,,,,,,,,,
7044,X,,,,,X,,,,,,,,,,,,,,,,,,,,,,
7045,X,,,,,X,,,,X,,X,,,,,,,,,,,,,,,,
7046,X,,,,,X,,,,X,,X,,,,,,,,,,,,,,,,
7047,X,,,X,,X,,,,X,,X,,,,X,,,,,,X,,X,,,,
7048,X,,,X,,X,,,,X,,X,,,,X,,,,,,X,,,,,,
7049,X,,,X,,X,,,,X,,X,,,,X,,,,,,X,,,,,,
7050,X,,,X,,X,,,,X,,,,,,,,,,,,,,,,,,
7051,X,,,X,,X,,,,X,,,,,,,,,,,,,,,,X,,
7052,X,,,X,,X,,,,X,,,,,,,,,,X,,,,,,,,
7053,X,,,X,,X,,,,,,,,,,,,,,,,,,,,,,
7054,X,,,X,,X,,,,,,,,,,,,,,,,,,,,,,
7055,X,,,X,,X,,,,,,,,,,,,,,,,,,,,,,
7056,X,,,X,,X,,,,,,,,,,,,,,,,,,,,,,
7057,X,,,X,,X,,,,,,,,,,,,,,,,,,,,,,
7058,X,,,X,,X,,,,,,,,,,,,,,,,,,,,,,
7059,X,,,X,,X,,,,,,,,,,,,,,,,,,,,,,
7060,X,,,X,,X,,,,,,,,,,,,,,,,,,,,,,
7061,X,,,X,,,,,,,,,,,,,,,,,,,,,,,,
7062,X,,,X,,,,,,,,,,,,,,,,,,,,,,,,
7063,X,,,X,,,,,,,,,,,,,,,,,,,,,,,,
7064,X,,,X,,,,,,,,,,,,,,,,,,,,,,,,
7065,X,,,,,,,,,,,,,,,,,,,,,,,,,,,
7066,X,,,,,,,,,,,,,,,,,,,,,,,,,,,
7067,X,,,,,,,,,,,,,,,,,,,,,,,,,,,
7068,X,,,,,,,,,,,,,,,,,,,,,,,,,,,
7069,X,,,,,,,,,,,,,,,,,,,,,,,,,,,
7070,X,,,,,,,,,,,,,,,,,,,,,,,,,,,
7071,X,,,,,,,,,,,,,,,,,,,,,,,,,,,
7072,X,,,,,,,,,,,,,,,,,,,,,,,,,,,
7073,X,,,,,,,,,,,,,,,,,,,,,,,,,,,
7074,X,,,,,,,,,,,,,,,,,,,,,X,,,,,,
7075,X,,,,,,,,,,,,,,,,,,,,,X,,,,,,
7076,X,,,,,,,,,,,,,,,,,,,,,X,,,,,,
7077,,X,,,,,,,,,,,,,,,,,,,,,,,,,,
7078,,X,,,,,,,,,,,,,,,,,,,,,,,,,,
7079,,X,,,,,,,,,,,,,,,,,,,,,,,,,,
7080,,X,,,,,,,,,,,,,,,,,,,,,,,,,,
7081,,X,,,,,,,,,,,,,,,,,,,,,,,,,,
7082,,X,,,,,,,,,,,,,,,,,,,,,,,,,,
7083,,X,,,,,,,,,,,,,,,,,,,,,,,,,,
7084,,X,,,,,,,,,,,,,,,,,,,,,,,,,,
7085,,X,,,,,,,,,,,,,,,,,,,,,,,,,,
7086,,X,,,,,,,,,,,,,,,,,,,,,,,,,,
7087,,X,X,,,,,,,,,,,,,,,,,,,,,,,,,
7088,,X,X,,,,,,,,,,,,,,,,,,,,,,,,,
7089,,X,X,,X,,,,,,,,,,,,,,,,,,,,,,,
7090,,X,X,,X,,,,,,,,,,,,,,,,,,,,,,,
7091,,X,X,,X,,,,,,,,,,,,,,,,,,,,,,,
7092,,X,X,,X,,,,,,,,,,,,,,,,,,,,,,,
7093,,X,X,,X,,,,,,,,,,,,,,,,,,,,,,,
7094,,X,X,,X,,,,,,,,,,,,,,,,,,,,,,,
7095,,X,X,,X,,,,,,,,,,,,,,,,,,,,,,,
7096,,X,X,,X,,,,,,,,,,,,,,,,,,,,,,,
7097,,X,X,,X,,,,,,,,,,,,,,,,,,,,,,,
7098,,X,X,,X,,,,,,,,,,,,,,,,,,,,,,,
7099,,X,X,,X,,,,,,,,,,,,,,,,,,,,,,,
7100,,X,X,,X,,,,,,,,,,,,,,,,,,,,,,,
7101,,X,X,,X,,,,,,,,,,,,,,,,,,,,,X,,
7102,,X,X,,X,,,,,,,,,,,,,,,,,,,,,,,
7103,,X,X,,X,,,,,,,,,,,,,,,,,,,,,,,
7104,,X,X,,X,,,,X,,,,,,,,,,X,,,,,,,,,
7105,,X,X,,X,,,,X,,X,,,,X,,,,X,,X,,,,,,,
7106,,X,X,,X,,,,X,,X,,,,X,,,,X,,X,,,,X,X,,
7107,,X,X,,X,,,,,,X,,,,,,,,,,,,,,,,,
7108,,X,X,,X,,,,,,X,,,,,,,,,,,,,,,,,
7109,,X,X,,X,,,,,,X,,,,,,,,,,,,,,,,,
7110,,X,X,,X,,,,,,X,,,,,,,,,,,,,,,,,
7111,,X,X,,X,,,,,,X,,,,,,,,X,,,,,,,,,
7112,,X,X,,X,,,,,,X,,,,,,,,X,,,,,,,,,
7113,,X,X,,X,,,,,,X,,,,,,,,X,,,,,,,,,
7114,,X,X,,X,,,,X,,X,,,X,X,,,X,X,,,,,,,,,
7115,,X,X,,X,,,,X,,X,,,X,X,,,X,X,,,,X,,,,,
7116,,X,,,X,,,,,,,,,,,,,,,,,,,,,,,
7117,,X,,,X,,,,,,,,,,,,,,,,,,,,,,,
7118,,X,,,X,,,,,,,,,,,,,,,,,,,,,,,
7119,,X,,,X,,,,,,,,,,,,,,,,,,,,,X,,
7120,,X,,,X,,,,,,,,,,,,,,,,,,,,,X,,
7121,,X,,,X,,,,,,,,,,,,,,,,,,,,,X,,
7122,,X,,,X,,,,,,,,,,,,,,,,,,,,,,,
7123,,X,,,X,,,,,,,,,,,,,,,,,,,,,,,
7124,,X,,,X,,,,,,,,,,,,,,,,,,,,,,,
7125,,X,,,X,,,,,,,,,,,,,,,,,,,,,,,
7126,,X,,,X,,,,,,,,,,,,,,,,,,,,,,,
7127,,X,,,X,,,,,,,,,,,,,,,,,,,,,,,
7128,,X,,,X,,,,,,,,,,,,,,,,,,,,,,,
7129,,X,,,,,,,,,,,,,,,,,,,,,,,,,,
7130,,X,,,,,,,,,,,,,,,,,,,,,,,,,,
7131,,X,,,,,,,,,,,,,,,,,,,,,,,,,,
7132,,,,,,,,,,,,,,,,,,,,,,,,,,,,
7133,,X,,,,,,,,,,,,,,,,,,,,,,,,,,
7134,,X,,,,,,,,,,,,,,,,,,,,,,,,,,
7135,,X,,,,,,,,,,,,,,,,,,,,,,,,,,
7136,,X,,,,,,,,,,,,,,,,,,,,,,,,,,
7137,,X,,,,,,,,,,,,,,,,,,,,,,,,,,
7138,,X,,,,,,,,,,,,,,,,,,,,,,,,,,
7139,,X,,,,,,,,,,,,,,,,,,,,,,,,,,
7140,,X,,,,,,,,,,,,,,,,,,,,,,,,,,
7141,,X,,,,,,,,,,,,,,,,,,,,,,,,,,
7142,,X,,,,,,,,,,,,,,,,,,,,,,,,,,
7143,,X,,,,,,,,,,,,,,,,,,,,,,,,,,
7144,,X,,,,,,,,,,,,,,,,,,,,,,,,,,
7145,,X,,,,,,,,,,,,,,,,,,,,,,,,,,
7146,,X,,,,,,,,,,,,,,,,,,,,,,,,,,
7147,,X,,,,,,,,,,,,,,,,,,,,,,,,,,
7148,,X,,,,,,,,,,,,,,,,,,,,,,,,,,
7149,,X,,,,,,,,,,,,,,,,,,,,,,,,,,
7150,,X,,,,,,,,,,,,,,,,,,,,,,,,,,
7151,,X,,,,,,,,,,,,,,,,,,,,,,,,,,
7152,,X,,,,,,,,,,,,,,,,,,,,,,,,,,
7153,,X,,,,,,,,,,,,,,,,,,,,,,,,,,
7154,,X,,,,,,X,,,,,,,,,,,,,,,,,,,,
7155,,X,,,,,,X,,,,,,,,,,,,,,,,,,,,
7156,,X,,,,,,X,,,,,,,,,,,,,,,,,,,,
7157,,X,,,,,,X,,,,,,,,,,,,,,,,,,,,
7158,,,X,,,,,,,,,,,,,,,,,,,,,,,,,
7159,,,X,,,,,,,,,,,,,,,,,,,,,,,,,
7160,,,X,,,,,,,,,,,,,,,,,,,,,,,,,
7161,,,X,,,,,,,,,,,,,,,,,,,,,,,,,
7162,,,X,,,,,,,,,,,,,,,,,,,,,,,,,
7163,,,X,,,,,,,,,,,,,,,,,,,,,,,,,
7164,,,X,,,,,,,,,,,,,,,,,,,,,,,,,
7165,,,X,,,,,,,,,,,,,,,,,,,,,,,,,
7166,,,X,,,,,,,,,,,,,,,,,,,,,,,,,
7167,,,X,,,,,,,,,,,,,,,,,,,,,,,,,
7168,,,X,,,,,,,,,,,,,,,,,,,,,,,,,
7169,,,X,,,,,,,,,,,,,,,,,,,,,,,,,
7170,,,X,,,,,,,,,,,,,,,,,,,,,,,,,
7171,,,X,,,,,,,,,,,,,,,,,,,,,,,,,
7172,,,X,,,,,,,,,,,,,,,,,,,,X,,,,,
7173,,,X,,,,,,,,,,,,,,,,,,,,X,,,,,
7174,,,X,,,,,,,,,,,,,,,,,,X,,X,,,,,
7175,,,X,,,,,,,,,,,,,,,,,,X,,X,,,,,
7176,,,X,,,,,,,,,,,,,,,,,,X,,X,,,,,
7177,,,X,,,,,,,,,,,,,,,,,,X,,X,,X,X,X,X
7178,,,X,,,,,,,,,,,,,,,,,,X,,X,,X,X,X,X
7179,,,X,,,,,,,,,,,,,,,,,,X,,X,,X,X,X,X
7180,,,X,,,,,,,,,,,,,,,,,,X,,X,,X,X,,X
7181,,,X,,,,,,,,,,,,X,,,,,,X,,X,,X,X,X,X
7182,,,X,,,,,,,,,,,,X,,,,,,X,,X,,X,X,X,X
7183,,,,X,,,,,,,,,,,,X,,,,,,X,,X,X,X,X,X
7184,,,,X,,,,,,,,,,,,X,,,,,,X,,X,X,X,X,X
7185,,,,X,,,,,,,,,,,,X,,,,,,X,,X,X,X,X,X
7186,,,,X,,,,,,,,,,,,,,,,,,X,,X,X,,X,X
7187,,,,X,,,,,,,,,,,,,,,,,,X,,X,X,X,X,X
7188,,,,X,,,,,,,,,,,,,,,,,,X,,X,X,,X,X
7189,,,,X,,,,,,,,,,,,,,,,,,X,,X,,,,
7190,,,,X,,,,,,,,,,,,X,,,,,,X,,X,,,,
7191,,,,X,,,,,,,,,,,,X,,,,,,X,,X,,,,
7192,,,,X,,,,,,,,,,,,X,,,,,,X,,X,,,,
7193,,,,X,,,,,,,,,,,,X,,,,,,X,,X,,,,
7194,,,,X,,,,,,,,,,,,,,,,,,,,,,,,
7195,,,,X,,,,,,,,,,,,,,,,,,,,,,,,
7196,,,,X,,,,,,,,,,,,,,,,,,,,,,,,
7197,,,,X,,,,,,,,,,,,,,,,,,,,,,,,
7198,,,,X,,,,,,,,,,,,,,,,,,,,,,,,
7199,,,,X,,,,,,,,,,,,,,,,,,,,,,,,
7200,,,,X,,,,,,,,,,,,,,,,,,,,,,,,
7201,,,,X,,,,,,,,,,,,,,,,,,,,,,,,
7202,,,,X,,,,,,,,,,,,,,,,,,,,,,,,
7203,,,,X,,,,,,,,,,,,,,,,,,,,,,,,
7204,,,,X,,,,,,,,,,,,,,,,,,,,,,,,
7205,,,,X,,,,,,,,,,,,,,,,,,,,,,,,
7206,,,,X,,,,,,,,,,,,,,,,,,,,,,,,
7207,,,,X,,,,,,,,,,,,,,,,,,,,,,,,
7208,,,,X,,,,,,,,,,,,,,,,,,,,,,,,
7209,,,,,X,,,,,,,,,,,,,,,,,,,,,,,
7210,,,,,X,,,,,,,,,,,,,,,,,,,,,,,
7211,,,,,X,,,,,,,,,,,,,,,,,,,,,,,
7212,,,,,X,,,,,,,,,,,,,,,,,,,,,,,
7213,,,,,X,,,,,,,,,,,,,,,,,,,,,,,
7214,,,,,X,,,,,,,,,,,,,,,,,,,,,,,
7215,,,,,X,,,,,,,,,,,,,,,,,,,,,,,
7216,,,,,X,,,,,,,,,,,,,,,,,,,,,,,
7217,,,,,X,,,,,,,,,,,,,,,,,,,,,,,
7218,,,,,X,,,,,,,,,,,,,,,,,,,,,,,
7219,,,,,X,,,,,,,,,,,,,,,,,,,,,,,
7220,,,,,X,,,,,,,,,,,,,,,,,,,,,,,
7221,,,,,X,,,,,,,,,,,,,,,,,,,,,,,
7222,,,,,X,,,,,,,,,,,,,,,,,,,,,,,
7223,,,,,X,,,,,,,,,,,,,,,,,,,,,,,
7224,,,,,X,,,,,,,,,,,,,,,,,,,,,,,
7225,,,,,X,,,,,,,,,,,,,,,,,,,,,,,
7226,,,,,X,,,,,,,,,,,,,,,,,,,,,,,
7227,,,,,X,,,,,,,,,,,,,,,,,,,,,,,
7228,,,,,X,,,,,,,,,,,,,,,,,,,,,,,
7229,,,,,X,,,,,,,,,,,,,,,,,,,,,,,
7230,,,,,X,,,,,,,,,,,,,,,,,,,,,,,
7231,,,,,X,,,,,,,,,,,,,,,,,,,,,,,
7232,,,,,X,,,,,,,,,,,,,,,,,,,,,,,
7233,,,,,X,,,,,,,,,,,,,,,,,,,,,,,
7234,,,,,X,,,,,,,,,,,,,,,,,,,,,,,
7235,,,,,X,,,,,,,,,,,,,,,,,,,,,,,
7236,,,,,X,,,X,X,,,,,,,,,,,,,,,,,,,
7237,,,,,X,,,X,,,,,,,,,,,,,,,,,,,,
7238,,,,,X,,,X,,,,,,,,,,,,,,,,,,,,
7239,,,,,X,,,X,,,,,,,,,,,,,,,,,,,,
7240,,,,,X,,,X,,,,,,,,,,,,,,,,,,,,
7241,,,,,X,,,,,,,,,,,,,,,,,,,,,,,
7242,,,,,,X,X,,,,,,,,,,,,,,,,,,,,,
7243,,,,,,X,X,,,,,,,,,,,,,,,,,,,,,
7244,,,,,,X,X,,,,,,,,,,,,,,,,,,,,,
7245,,,,,,X,X,,,,,,,,,,,,,,,,,,,,,
7246,,,,,,X,X,,,X,,,,,,,,,,,,,,,,,,
7247,,,,,,X,X,,,X,,,,,,,,,,,,,,,,,,
7248,,,,,,X,,,,,,,,,,,,,,,,,,,,,,
7249,,,,,,X,,,,,,,,,,,,,,,,,,,,,,
7250,,,,,,X,,,,,,,,,,,,,,,,,,,,,,
7251,,,,,,X,,,,,,,,,,,,,,,,,,,,,,
7252,,,,,,X,,,,,,,,,,,,,,,,,,,,,,
7253,,,,,,X,,,,,,,,,,,,,,,,,,,,,,
7254,,,,,,X,,,,,,,,,,,,,,,,,,,,,,
7255,,,,,,X,,,,,,,,,,,,,,,,,,,,,,
7256,,,,,,X,,,,,,,,,,,,,,,,,,,,,,
7257,,,,,,X,,,,,,,,,,,,,,,,,,,,,,
7258,,,,,,X,,,,,,,,,,,,,,,,,,,,,,
7259,,,,,,X,,,,,,,,,,,,,,,,,,,,,,
7260,,,,,,X,,,,,,,,,,,,,,,,,,,,,,
7261,,,,,,X,,,,,,,,,,,,,,,,,,,,,,
7262,,,,,,X,,,,,,,,,,,,,,,,,,,,,,
7263,,,,,,X,,,,,,,,,,,,,,,,,,,,,,
7264,,,,,,X,,,,,,,,,,,,,,,,,,,,,,
7265,,,,,,X,,,,,,,,,,,,,,,,,,,,,,
7266,,,,,,X,,,,,,,,,,,,,,,,,,,,,,
7267,,,,,,X,,,,,,,,,,,,,,,,,,,,,,
7268,,,,,,X,,,,,,,,,,,,,,,,,,,,,,
7269,,,,,,X,,,,,,,,,,,,,,,,,,,,,,
7270,,,,,,X,,,,,,,,,,,,,,,,,,,,,,
7271,,,,,,X,,,,,,,,,,,,,,,,,,,,,,
7272,,,,,,X,,,,,,,,,,,,,,,,,,,,,,
7273,,,,,,X,,,,,,,,,,,,,,,,,,,,,,
7274,,,,,,X,,,,,,,,,,,,,,,,,,,,,,
7275,,,,,,X,,,,,,,,,,,,,,,,,,,,,,
7276,,,,,,X,,,,,,,,,,,,,,,,,,,,,,
7277,,,,,,,X,,,,,,,,,,,,,,,,,,,,,
7278,,,,,,,X,,,,,,,,,,,,,,,,,,,,,
7279,,,,,,,X,,,,,,,,,,,,,,,,,,,,,
7280,,,,,,,X,,,,,,,,,,,,,,,,,,,,,
7281,,,,,,,X,,,X,,,,,,,,,,,,,,,,,,
7282,,,,,,,X,,,X,,,,,,,,,,,,,,,,,,
7283,,,,,,,X,,,,,,,,,,,,,,,,,,,,,
7284,,,,,,,X,,,,,,,,,,,,,,,,,,,,,
7285,,,,,,,X,,,,,,,,,,,,,,,,,,,,,
7286,,,,,,,X,,,,,,,,,,,,,,,,,,,,,
7287,,,,,,,X,,,,,,,,,,,,,,,,,,,,,
7288,,,,,,,X,,,,,,,,,,,,,,,,,,,,,
7289,,,,,,,X,,,,,,,,,,,,,,,,,,,,,
7290,,,,,,,X,,,,,,,,,,,,,,,,,,,,,
7291,,,,,,,X,,,,,,,,,,,,,,,,,,,,,
7292,,,,,,,X,,,,,,,,,,,,,,,,,,,,,
7293,,,,,,,X,,,,,,,,,,,,,,,,,,,,,
7294,,,,,,,X,,,,,,,,,,,,,,,,,,,,,
7295,,,,,,,X,,,,,,,,,,,,,,,,,,,,,
7296,,,,,,,X,,,,,,,,,,,,X,,,,,,,,,
7297,,,,,,,X,,,,,,,,,,,,X,,,,,,,,,
7298,,,,,,,X,,,,,,,,,,,,X,,,,,,,,,
7299,,,,,,,X,,,,,,,,,,,,X,,,,,,,,,
7300,,,,,,,,,,,,,,,,,,,X,,,,,,,,,
7301,,,,,,,X,,,,,,,,,,,,X,,,,,,,,,
7302,,,,,,,X,X,,,,,,,,,,,X,,,,,,,X,,
7303,,,,,,,,X,,,,,,,,,,,X,,,,,,,X,,
7304,,,,,,,,X,,,,,,,,,,,X,,,,,,,X,,
7305,,,,,,,,X,,,,,,,,,,,X,X,,,X,,,,,
7306,,,,,,,,X,,,,,,,,,,,X,X,,,X,,,,,
7307,,,,,,,,X,,,,,,,,,,,X,X,,,,,,,,
7308,,,,,,,,X,,,,,,,,,,,X,X,,,,,,,,
7309,,,,,,,,X,,,,,,,,,,,,,,,,,,,,
7310,,,,,,,,X,,,,,,,,,,,,,,,,,,X,,
7311,,,,,,,,X,,,,,,,,,,,,,,,,,,,,
7312,,,,,,,,X,,,,,,,,,,,,,,,,,,,,
7313,,,,,,,,X,,,,,,,,,,,,,,,,,,,,
7314,,,,,,,,X,,,,,,,,,,,,,,,,,,,,
7315,,,,,,,,X,,,,,,,,,,,,,,,,,,,,
7316,,,,,,,,X,,,,,,,,,,,,,,,,,,,,
7317,,,,,,,,X,,,,,,,,,,,,,,,,,,,,
7318,,,,,,,,X,,,,,,,,,,,,,,,,,,,,
7319,,,,,,,,X,,,,,,,,,,,,,,,,,,,,
7320,,,,,,,,X,,,,,,,,,,,,,,,,,,,,
7321,,,,,,,,X,,,,,,,,,,,,,,,,,,,,
7322,,,,,,,,X,,,,,,,,,,,,,,,,,,,,
7323,,,,,,,,X,X,,,,,,,,,,,,,,,,,,,
7324,,,,,,,,X,X,,,,,,,,,,,,,,,,,,,
7325,,,,,,,,X,,,,,,,,,,,,,,,,,,,,
7326,,,,,,,,X,,,,,,,,,,,,,,,,,,,,
7327,,,,,,,,X,,,,,,,,,,,,,,,,,,,,
7328,,,,,,,,X,,,,,,,,,,,,,,,,,,,,
7329,,,,,,,,X,,,,,,,,,,,,,,,,,,,,
7330,,,,,,,,X,,,,,,,,,,,,,,,,,,,,
7331,,,,,,,,,X,,X,,,,X,,,,,,,,X,,,,,
7332,,,,,,,,,X,,,,,,X,,,,,,,,,,,,,
7333,,,,,,,,,X,,,,,,X,,,,,,,,,,,,,
7334,,,,,,,,,X,,,,,,,,,,,,,,,,,,,
7335,,,,,,,,,X,,,,,,,,,,,,,,,,,,,
7336,,,,,,,,,X,,,,,,,,,,,,,,,,,,,
7337,,,,,,,,,X,,,,,,,,,,,,,,,,,,,
7338,,,,,,,,,X,,,,,,,,,,,,,,,,,,,
7339,,,,,,,,,X,,,,,,,,,,,,,,,,,,,
7340,,,,,,,,,X,,,,,,,,,,,,,,,,,,,
7341,,,,,,,,,X,,,,,,,,,,,,,,,,,,,
7342,,,,,,,,,X,,,,,,,,,,,,,,,,,,,
7343,,,,,,,,,X,,,,,,,,,,X,,,,,,,,,
7344,,,,,,,,,X,,,,,,,,,,X,,,,,,,,,
7345,,,,,,,,,X,,,,,,,,,,X,,,,,,,,,
7346,,,,,,,,,X,,,,,,,,,,X,,,,,,,,,
7347,,,,,,,,,X,,,,,,,,,,X,,,,,,,,,
7348,,,,,,,,,X,,,,,,,,,,X,,,,,,,,,
7349,,,,,,,,,X,,,,,,,,,,X,,,,,,,,,
7350,,,,,,,,,X,,,,,,,,,,X,,,,,,,,,
7351,,,,,,,,,X,,,,,,X,,,,,,X,,,,,,,
7352,,,,,,,,,X,,,,,,X,,,,,,X,,,,,,,
7353,,,,,,,,,X,,,,,,X,,,,,,X,,,,,,,
7354,,,,,,,,,X,,,,,,X,,,,,,X,,,,,,,
7355,,,,,,,,,X,,,,,,X,,,,,,X,,,,,,,
7356,,,,,,,,,X,,,,,,X,,,,,,,,,,,,,
7357,,,,,,,,,X,,,,,,X,,,,,,,,,,,,,
7358,,,,,,,,,X,,,,,,X,,,,,,,,,,,,,
7359,,,,,,,,,X,,X,,,X,X,,,,X,,,,,,,,,
7360,,,,,,,,,X,,,X,,X,X,,,X,,,,,,,,,,
7361,,,,,,,,,,,,X,,X,X,,,X,,,,,,,,,,
7362,,,,,,,,,X,,X,X,,X,X,,,X,,,,,,,,,,
7363,,,,,,,,,X,,,,,,,,,,,,,,,,,,,
7364,,,,,,,,,X,,,,,,,,,,,,,,,,,,,
7365,,,,,,,,,X,,,,,,,,,,,,,,,,,,,
7366,,,,,,,,,X,,,,,,,,,,,,,,,,,,,
7367,,,,,,,,,X,,,,,,,,,,,,,,,,,,,
7368,,,,,,,,,X,,,,,,,,,,,,,,,,,,,
7369,,,,,,,,,X,,,,,,,,,,,,,,,,,,,
7370,,,,,,,,,X,,,,,,,,,,,,,,,,,,,
7371,,,,,,,,,X,,,,,,,,,,,,,,,,,,,
7372,,,,,,,,,X,,,,,,,,,,,,,,,,,,,
7373,,,,,,,,,X,,,,,,,,,,,,,,,,,,,
7374,,,,,,,,,X,,,,,,,,,,,,,,,,,,,
7375,,,,,,,,,X,,,,,,,,,,,,,,,,,,,
7376,,,,,,,,,X,,,,,,,,,,,,,,,,,,,
7377,,,,,,,,,X,,,,,,,,,,,,,,,,,,,
7378,,,,,,,,,X,,,,,,,,,,,,,,,,,,,
7379,,,,,,,,,X,,,,,,,,,,,,,,,,,,,
7380,,,,,,,,,X,,,,,,,,,,,,,,,,,,,
7381,,,,,,,,,X,,,,,,,,,,,,,,,,,,,
7382,,,,,,,,,X,,,,,,,,,,,,,,,,,,,
7383,,,,,,,,,X,,,,,,,,,,,,,,,,,,,
7384,,,,,,,,,X,,,,,,,,,,,,,,,,,,,
7385,,,,,,,,,X,,,,,,,,,,,,,,,,,,,
7386,,,,,,,,,X,,,,,,,,,,,,,,,,,,,
7387,,,,,,,,,X,,,,,,,,,,,,,,,,,,,
7388,,,,,,,,,X,,,,,,,,,,,,,,,,,,,
7389,,,,,,,,,X,,,,,,,,,,,,,,,,,,,
7390,,,,,,,,,X,,,,,,,,,,,,,,,,,,,
7391,,,,,,,,,X,,,,,,,,,,,,,,,,,,,
7392,,,,,,,,,X,,,,,,,,,,,,,,,,,,,
7393,,,,,,,,,X,,,,,,,,,,,,,,,,,,,
7394,,,,,,,,,X,,,,,,,,,,,,,,,,,,,
7395,,,,,,,,,X,,,,,,,,,,,,,,,,,,,
7396,,,,,,,,,X,,,,,,,,,,,,,,,,,,,
7397,,,,,,,,,X,,,,,,,,,,,,,,,,,,,
7398,,,,,,,,,,X,,,,,,,,,,,,,,,,,,
7399,,,,,,,,,,X,,,,,,,,,,,,,,,,,,
7400,,,,,,,,,,X,,,,,,,,,,,,,,,,,,
7401,,,,,,,,,,X,,,,,,,,,,,,,,,,,,
7402,,,,,,,,,,X,,,,,,,,,,,,,,,,,,
7403,,,,,,,,,,X,,,,,,,,,,,,,,,,,,
7404,,,,,,,,,,X,,,,,,,,,,,,,,,,,,
7405,,,,,,,,,,X,,,,,,,,,,,,,,,,,,
7406,,,,,,,,,,X,,,,,,,,,,,,,,,,,,
7407,,,,,,,,,,X,,,,,,,,,,,,,,,,,,
7408,,,,,,,,,,X,,,,,,,,,,,,,,,,,,
7409,,,,,,,,,,X,,,,,,,,,,,,,,,,,,
7410,,,,,,,,,,X,,,,,,,,,,,,,,,,,,
7411,,,,,,,,,,X,,,,,,,,,,,,,,,,,,
7412,,,,,,,,,,X,,,,,,,,,,,,,,,,,,
7413,,,,,,,,,,X,,,,,,,,,,,,,,,,,,
7414,,,,,,,,,,X,,,,,,,,,,,,,,,,,,
7415,,,,,,,,,,X,,,,,,,,,,,,,,,,,,
7416,,,,,,,,,,X,,,,,,,,,,,,,,,,,,
7417,,,,,,,,,,X,,,,,,,,,,,,,,,,,,
7418,,,,,,,,,,X,,,,,,,,,,,,,,,,,,
7419,,,,,,,,,,X,,,,,,,,,,,,,,,,,,
7420,,,,,,,,,,X,,,,,,,,,,,,,,,,,,
7421,,,,,,,,,,X,,,,,,,,,,,,,,,,,,
7422,,,,,,,,,,X,,,,,,,,,,,,,,,,,,
7423,,,,,,,,,,X,,,,,,,,,,,,,,,,,,
7424,,,,,,,,,,X,,,,,,,,,,,,,,,,,,
7425,,,,,,,,,,X,,,,,,,,,,,,,,,,,,
7426,,,,,,,,,,X,,,,,,,,,,,,,,,,,,
7427,,,,,,,,,,X,,,,,,,,,,,,,,,,,,
7428,,,,,,,,,,X,,,,,,,,,,,,,,,,,,
7429,,,,,,,,,,X,,,,,,,,,,,,,,,,,,
7430,,,,,,,,,,X,,,,,,,,,,,,,,,,,,
7431,,,,,,,,,,X,,,,,,,,,,,,,,,,,,
7432,,,,,,,,,,X,,,,,,,,,,,,,,,,,,
7433,,,,,,,,,,X,,,,,,,,,,,,,,,,,,
7434,,,,,,,,,,X,,X,X,,,,X,,,,,,,,,,,
7435,,,,,,,,,,X,,X,X,,,,X,,,,,,,,,,,
7436,,,,,,,,,,X,,,,,,,,,,X,,,,,,,,
7437,,,,,,,,,,X,,,,,,,,,,X,,,,,,,,
7438,,,,,,,,,,X,,,,,,,,,,X,,,,,,,,
7439,,,,,,,,,,X,,,,,,,,,,X,,,,,,,,
7440,,,,,,,,,,X,,,,,,,,,,X,,,,,,,,
7441,,,,,,,,,,X,,,,,,,,,,X,,,,,,,,
7442,,,,,,,,,,X,,,,,,,,,,X,,,,,,,,
7443,,,,,,,,,,X,,,,,,,,,,,,,,,,,,
7444,,,,,,,,,,X,,,,,,,,,,,,,,,,,,
7445,,,,,,,,,,X,,,,,,,,,,,,,,,,,,
7446,,,,,,,,,,X,,,,,,,,,,,,,,,,,,
7447,,,,,,,,,,X,,,,,,,,,,,,,,,,,,
7448,,,,,,,,,,X,,,,,,,,,,,,,,,,,,
7449,,,,,,,,,,X,,,,,,,,,,,,,,,,,,
7450,,,,,,,,,,X,,,,,,,,,,,,,,,,,,
7451,,,,,,,,,,X,,,,,,X,,,,,,,,,,,,
7452,,,,,,,,,,X,,,,,,,,,,,,,,,,,,
7453,,,,,,,,,,X,,,,,,X,,,,,,,,,,,,
7454,,,,,,,,,,X,,,,,,X,,,,,,,,,,,,
7455,,,,,,,,,,X,,,,,,X,,,,,,,,,,,,
7456,,,,,,,,,,,X,,,,,,,,,X,,,X,,,,,
7457,,,,,,,,,,,X,,,,,,,,,X,,,X,,,,,
7458,,,,,,,,,,,X,,,,,,,,,,,,,,,,,
7459,,,,,,,,,,,X,,,,,,,,,,,,,,,,,
7460,,,,,,,,,,,X,,,,,,,,,,,,,,,,,
7461,,,,,,,,,,,X,,,,,,,,,,,,,,,,,
7462,,,,,,,,,,,X,,,,,,,,,,,,,,,,,
7463,,,,,,,,,,,X,,,,,,,,,,,,,,,,,
7464,,,,,,,,,,,X,,,,,,,,,,,,X,,,,,
7465,,,,,,,,,,,X,,,,,,,,,,,,X,,,,,
7466,,,,,,,,,,,X,,,,,,,,,,,,X,,,,,
7467,,,,,,,,,,,X,,,,,,,,,,,,X,,,,,
7468,,,,,,,,,,,X,,,,,,,,,,,,X,,,,,
7469,,,,,,,,,,,X,,,,,,,,,,X,,X,,,,,
7470,,,,,,,,,,,X,,,,X,,,,,,X,,X,,,,,
7471,,,,,,,,,,,X,,,,X,,,,,,X,,X,,,,,
7472,,,,,,,,,,,X,,,,X,,,,,,X,,X,,,,,
7473,,,,,,,,,,,X,,,,X,,,,,,X,,X,,,,,
7474,,,,,,,,,,,X,,,,X,,,X,,,X,,X,,,,,
7475,,,,,,,,,,,X,,,X,X,,,X,,,,,,,,,,
7476,,,,,,,,,,,X,,,X,,,,X,,,,,,,,,,
7477,,,,,,,,,,,X,,,X,,,,,,,,,,,,,,
7478,,,,,,,,,,,X,,,X,,,,X,,,,,,,,,,
7479,,,,,,,,,,,X,,,X,X,,,X,,,,,,,,,,
7480,,,,,,,,,,,X,,,X,X,,,X,,,,,,,,,,
7481,,,,,,,,,,,X,,,X,X,,,X,,,,,,,,,,
7482,,,,,,,,,,,X,,,X,X,,,X,,,,,,,,,,
7483,,,,,,,,,,,X,,,X,X,,,X,,,,,,,,,,
7484,,,,,,,,,,,X,,,X,X,,,X,,,,,,,,,,
7485,,,,,,,,,,,,,,X,X,,,X,,,,,,,,,,
7486,,,,,,,,,,,X,,,X,X,,,X,,,,,,,,,,
7487,,,,,,,,,,,X,,,X,,,,X,,,,,,,,,,
7488,,,,,,,,,,,X,,,X,,,,X,,,,,,,,,,
7489,,,,,,,,,,,X,,,X,,,,X,,,,,,,,,,
7490,,,,,,,,,,,X,,,X,,,,X,,,,,,,,,,
7491,,,,,,,,,,,X,,,X,,,,X,,,,,,,,,,
7492,,,,,,,,,,,X,,,,,,,X,,,,,,,,,,
7493,,,,,,,,,,,X,,,,,,,X,,,,,,,,,,
7494,,,,,,,,,,,X,,,,,,,X,,,,,,,,,,
7495,,,,,,,,,,,X,,,,,,,X,,,,,,,,,,
7496,,,,,,,,,,,X,,,,,,,X,,,,,,,,,,
7497,,,,,,,,,,,X,,,,,,,X,,,,,,,,,,
7498,,,,,,,,,,,X,,,,,,,X,,,,,,,,,,
7499,,,,,,,,,,,X,,,,,,,X,,,,,,,,,,
7500,,,,,,,,,,,X,,,,,,,X,,,,,,,,,,
7501,,,,,,,,,,,X,,,,,,,X,,,,,,,,,,
7502,,,,,,,,,,,X,,,,,,,X,,,,,,,,,,
7503,,,,,,,,,,,X,,,,,,,X,,,,,,,,,,
7504,,,,,,,,,,,,X,,,,,X,,,,,,,,,,,
7505,,,,,,,,,,,,X,,,,,X,,,,,,,,,,,
7506,,,,,,,,,,,,X,,,,,X,,,,,,,,,,,
7507,,,,,,,,,,,,X,,,,X,X,,,,,,,,,,,
7508,,,,,,,,,,,,X,,,,,X,,,,,,,,,,,
7509,,,,,,,,,,,,X,,,,,X,,,,,,,,,,,
7510,,,,,,,,,,,,X,,,,,X,,,,,,,,,,,
7511,,,,,,,,,,,,X,,,,,X,,,,,,,,,,,
7512,,,,,,,,,,,,X,,,,,X,,,,,,,,,,,
7513,,,,,,,,,,,,X,,,,,X,,,,,,,,,,,
7514,,,,,,,,,,,,X,,,,,X,,,,,,,,,,,
7515,,,,,,,,,,,,X,,,,,X,,,,,,,,,,,
7516,,,,,,,,,,,,X,X,,,,X,,,,,,,,,,,
7517,,,,,,,,,,,,X,X,,,,X,,,,,,,,,,,
7518,,,,,,,,,,,,X,X,,,,X,,,,,,,,,,,
7519,,,,,,,,,,,,X,X,,,X,X,,,,,,,,,,,
7520,,,,,,,,,,,,X,X,,,X,X,,,,,,,,,,,
7521,,,,,,,,,,,,X,X,,,X,X,,,,,,,,,,,
7522,,,,,,,,,,,,X,X,,,X,X,,,,,,,,,,,
7523,,,,,,,,,,,,X,X,,,X,X,,,,,,,,,,,
7524,,,,,,,,,,,,X,X,,,X,X,,,,,,,,,,,
7525,,,,,,,,,,,,X,X,,,X,X,,,,,,,,,,,
7526,,,,,,,,,,,,X,X,,,X,X,,,,,,,,,,,
7527,,,,,,,,,,,,X,X,,,X,X,,,,,,,,,,,
7528,,,,,,,,,,,,X,X,,,,X,,,,,,,,,,,
7529,,,,,,,,,,,,X,X,,,,X,,,,,,,,,,,
7530,,,,,,,,,,,,X,X,,,,X,,,,,,,,,,,
7531,,,,,,,,,,,,X,X,,,,X,,,,,,,,,,,
7532,,,,,,,,,,,,X,X,,,,X,,,,,,,,,,,
7533,,,,,,,,,,,,X,X,,,,X,,,,,,,,,,,
7534,,,,,,,,,,,,X,X,,,,X,,,,,,,,,,,
7535,,,,,,,,,,,,X,X,,,,X,,,,,,,,,,,
7536,,,,,,,,,,,,X,,,,X,,,,,,X,,X,,,,
7537,,,,,,,,,,,,X,,,,X,,,,,,X,,X,,,,
7538,,,,,,,,,,,,X,,,,X,,,,,,X,,X,,,,
7539,,,,,,,,,,,,X,,,,X,,,,,,X,,X,,,,
7540,,,,,,,,,,,,X,,,,X,,,,,,X,,X,,,,
7541,,,,,,,,,,,,X,,,,X,,,,,,X,,X,,,,
7542,,,,,,,,,,,,X,,,,X,,,,,,X,,X,,,,
7543,,,,,,,,,,,,X,,,,X,,,,,X,X,,X,,,,
7544,,,,,,,,,,,,X,,,,,,,,,,,,X,,,,
7545,,,,,,,,,,,,X,,,,,,,,,,,,X,,,,
7546,,,,,,,,,,,,X,,,,,,,,,,,,X,,,,
7547,,,,,,,,,,,,X,,,,,,,,,,,,X,,,,
7548,,,,,,,,,,,,X,,,,,,,,,,,,X,,,,
7549,,,,,,,,,,,,X,,,,,,,,,,,,,,,,
7550,,,,,,,,,,,,X,,,,,,,,,,,,,,,,
7551,,,,,,,,,,,,X,,,,,,,,,,,,,,,,
7552,,,,,,,,,,,,X,,,,,,,,,,,,,,,,
7553,,,,,,,,,,,,X,,,,,,,,,,,,,,,,
7554,,,,,,,,,,,,X,,,,,,,,,,,,,,,,
7555,,,,,,,,,,,,X,,,,,,,X,,,,,X,,,,
7556,,,,,,,,,,,,X,,,,X,,,X,,,,,X,,,,
7557,,,,,,,,,,,,,X,,,,,,,,,,,,,,,
7558,,,,,,,,,,,,,X,,,,,,,,,,,,,,,
7559,,,,,,,,,,,,,X,,,,,,,,,,,,,,,
7560,,,,,,,,,,,,,X,,,,,,,,,,,,,,,
7561,,,,,,,,,,,,,X,,,,,,,,,,,,,,,
7562,,,,,,,,,,,,,X,,,,,,,,,,,,,,,
7563,,,,,,,,,,,,,X,,,,,,,,,,,,,,,
7564,,,,,,,,,,,,,X,,,,,,,,,,,,,,,
7565,,,,,,,,,,,,,X,,,,,,,,,,,,,,,
7566,,,,,,,,,,,,,X,,,,,,,,,,,,,,,
7567,,,,,,,,,,,,,X,,,,,,,,,,,,,,,
7568,,,,,,,,,,,,,X,,,,,,,,,,,,,,,
7569,,,,,,,,,,,,,X,,,,,,,,,,,,,,,
7570,,,,,,,,,,,,,X,,,,,,,,,,,,,,,
7571,,,,,,,,,,,,,X,,,,,,,,,,,,,,,
7572,,,,,,,,,,,,,X,,,,,,,,,,,,,,,
7573,,,,,,,,,,,,,X,,,,,,,,,,,,,,,
7574,,,,,,,,,,,,,X,,,,X,,,,,,,,,,,
7575,,,,,,,,,,,,,X,,,,X,,,,,,,,,,,
7576,,,,,,,,,,,,,,X,,,,,,,,,,,,,,
7577,,,,,,,,,,,,,,X,,,,,,,,,,,,,,
7578,,,,,,,,,,,,,,X,,,,,,,,,,,,,,
7579,,,,,,,,,,,,,,X,,,,,,,,,,,,,,
7580,,,,,,,,,,,,,,X,,,,,,,,,,,,,,
7581,,,,,,,,,,,,,,X,,,,,,,,,,,,,,
7582,,,,,,,,,,,,,,X,,,,,,,,,,,,,,
7583,,,,,,,,,,,,,,X,,,,,,,,,,,,,,
7584,,,,,,,,,,,,,,X,,,,,,,,,,,,,,
7585,,,,,,,,,,,,,,X,,,,,,,,,,,,,,
7586,,,,,,,,,,,,,,X,,,,,,,,,,,,,,
7587,,,,,,,,,,,,,,X,,,,,,,,,,,,,,
7588,,,,,,,,,,,,,,X,,,,,,,,,,,,,,
7589,,,,,,,,,,,,,,X,,,,,,,,,,,,,,
7590,,,,,,,,,,,,,,X,,,,,,,,,,,,,,
7591,,,,,,,,,,,,,,X,,,,,,,,,,,,,,
7592,,,,,,,,,,,,,,X,,,,,,,,,,,,,,
7593,,,,,,,,,,,,,,,X,,,,,,,,,,,,,
7594,,,,,,,,,,,,,,,X,,,,,,,,,,,,,
7595,,,,,,,,,,,,,,,X,,,,,,,,,,,,,
7596,,,,,,,,,,,,,,,X,,,,,,,,,,,,,
7597,,,,,,,,,,,,,,,X,,,,,,,,,,,,,
7598,,,,,,,,,,,,,,,X,,,,,,,,,,,,,
7599,,,,,,,,,,,,,,,X,,,,,,,,,,,,,
7600,,,,,,,,,,,,,,,X,,,,,,,,,,,,,
7601,,,,,,,,,,X,,,,,X,,,,,,,,,,,,,
7602,,,,,,,,,,,,,,,X,,,,,,,,,,,,,
7603,,,,,,,,,,,,,,,X,,,,,,,,,,,,,
7604,,,,,,,,,,,,,,,X,,,,,,,,,,,,,
7605,,,,,,,,,,,,,,,X,,,,,,,,,,,,,
7606,,,,,,,,,,,,,,,X,,,,,,,,,,,,X,
7607,,,,,,,,,,,,,,,X,,,,,,,,,,,,X,
7608,,,,,,,,,,,,,,,X,,,,,,,,,,,,X,
7609,,,,,,,,,,,,,,,X,,,,,,,,,,,,,
7610,,,,,,,,,,,,,,,X,,,,,,,,,,,,,
7611,,,,,,,,,,,,,,,X,,,,,,,,,,,,,
7612,,,,,,,,,,,,,,,X,,,,,,,,,,,,,
7613,,,,,,,,,,,,,,,X,,,,,,,,,,,,,
7614,,,,,,,,,,,,,,,X,,,,,,,,,,,,,
7615,,,,,,,,,,,,,,,X,,,,,,,,,,,,,
7616,,,,,,,,,,,,,,,,,,,,,,,,,,,,
7617,,,,,,,,,,,,,,,X,,,,,,,,,,,,,
7618,,,,,,,,,,,,,,,X,,,,,,,,,,,,,
7619,,,,,,,,,,,,,,,X,,,,,,,,,,,,,
7620,,,,,,,,,,,,,,,X,,,,,,,,,,,,,
7621,,,,,,,,,,,,,,,X,,,,,,,,,,,,,
7622,,,,,,,,,,,,,,,X,,,,,,,,,,,,,
7623,,,,,,,,,,,,,,,X,,,,,,,,,,,,,
7624,,,,,,,,,,,,,,,X,,,,,,,,,,,,,
7625,,,,,,,,,,,,,,,X,,,,,,,,,,,,,
7626,,,,,,,,,,,,,,,X,,,,,,,,,,,,,
7627,,,,,,,,,,,,,,,X,,,,,,,,,,,,,
7628,,,,,,,,,,,,,,,X,,,,,,,,,,,,,
7629,,,,,,,,,,,,,,,X,,,,,,,,,,,,,
7630,,,,,,,,,,,,,,,X,,,,,,,,,,,,,
7631,,,,,,,,,,,,,,,X,,,X,,,,,,,,,,
7632,,,,,,,,,,,,,,,X,,,X,,,,,,,,,,
7633,,,,,,,,,,,,,,,X,,,X,,,,,,,,,,
7634,,,,,,,,,,,,,,,X,,,X,,,,,,,,,,
7635,,,,,,,,,,,,,,,X,,,X,,,,,,,,,,
7636,,,,,,,,,,,,,,,X,,,X,,,,,,,,,,
7637,,,,,,,,,,,,,,,X,,,X,,,,,,,,,,
7638,,,,,,,,,,,,,,,X,,,X,,,,,,,,,,
7639,,,,,,,,,,,,,,,X,,,X,,,,,,,,,,
7640,,,,,,,,,,,,,,,X,,,X,,,,,,,,,,
7641,,,,,,,,,,,,,,,,X,X,,,,,,,,,,,
7642,,,,,,,,,,,,,,,,X,X,,,,,,,,,,,
7643,,,,,,,,,,,,,,,,X,X,,,,,,,,,,,
7644,,,,,,,,,,,,,,,,X,X,X,,,,,,,,,,
7645,,,,,,,,,,,,,,,,X,X,,,,,,,,,,,
7646,,,,,,,,,,,,,,,,X,X,,,,,,,,,,,
7647,,,,,,,,,,,,,,,,X,X,,,,,,,,,,,
7648,,,,,,,,,,,,,,,,X,X,,,,,,,,,,,
7649,,,,,,,,,,,,,,,,X,X,,,,,,,,,,,
7650,,,,,,,,,,,,,,,,X,X,,,,,,,,,,,
7651,,,,,,,,,,,,,,,,X,X,,,,,,,,,,,
7652,,,,,,,,,,,,,,,,X,X,,,,,,,,,,,
7653,,,,,,,,,,,,,,,,X,,,,,,,,,,,,
7654,,,,,,,,,,,,,,,,X,,,,,,,,,,,,
7655,,,,,,,,,,,,,,,,X,,,,,,,,,,,,
7656,,,,,,,,,,,,,,,,X,,,,,,,,,,,,
7657,,,,,,,,,,,,,,,,X,,,,,,,,,,,,
7658,,,,,,,,,,,,,,,,X,,,,,,,,,,,,
7659,,,,,,,,,,,,,,,,X,,,,,,,,,,,,
7660,,,,,,,,,,,,,,,,X,,,,,,,,,,,,
7661,,,,,,,,,,,,,,,,X,,,,,,,,,,,,
7662,,,,,,,,,,,,,,,,X,,,,,,,,,,,,
7663,,,,,,,,,,,,,,,,X,,,,,,,,,,,,
7664,,,,,,,,,,,,,,,,X,,,,,,,,,,,,
7665,,,,,,,,,,,,,,,,X,,,,,,,,,,,,
7666,,,,,,,,,,,,,,,,X,,,,,,,,,,,,
7667,,,,,,,,,,,,,,,,X,,,,,,,,,,,,
7668,,,,,,,,,,,,,,,,X,,,,,X,,,,,,,
7669,,,,,,,,,,,,,,,,X,,,,,,,,,,,,
7670,,,,,,,,,,,,,,,,X,,,,,,,,,,,,
7671,,,,,,,,,,,,,,,,X,,,,,,,,,,,,
7672,,,,,,,,,,,,,,,,X,,,,,,,,,,,,
7673,,,,,,,,,,,,,,,,X,,,,,,,,,,,,
7674,,,,,,,,,,,,,,,,X,,,,,,,,,,,,
7675,,,,,,,,,,,,,,,,X,,,,,,,,,,,,X
7676,,,,,,,,,,,,,,,,X,,,,,,,,,,,,X
7677,,,,,,,,,,,,,,,,X,,,,,,,,,,,,
7678,,,,,,,,,,,,,,,,X,,,,,,,,,,,,
7679,,,,,,,,,,,,,,,,X,,,,,,,,,,,,
7680,,,,,,,,,,,,,,,,X,,,,,,,,,,,,
7681,,,,,,,,,,,,,,,,X,,,,,,,,,,,,
7682,,,,,,,,,,,,,,,,X,,,,,,,,,,,,
7683,,,,,,,,,,,,,,,,X,,,,,,,,,,,,
7684,,,,,,,,,,,,,,,,X,,,,,,,,,,,,
7685,,,,,,,,,,,,,,,,X,,,,,,,,,,,,
7686,,,,,,,,,,,,,,,,X,,,,,,,,,,,,
7687,,,,,,,,,,,,,,,,X,,,,,,,,,,,,
7688,,,,,,,,,,,,,,,,X,,,,,,,,,,,,
7689,,,,,,,,,,,,,,,,,,,X,,X,,,,,,,
7690,,,,,,,,,,,,,,,,,,,X,,,,,,,,,
7691,,,,,,,,,,,,,,,,,,,X,,,,,,,,,
7692,,,,,,,,,,,,,,,,,,,X,,,,,,,,,
7693,,,,,,,,,,,,,,,,,,,X,X,,,,,,,,
7694,,,,,,,,,,,,,,,,,,,X,X,,,,,,,,
7695,,,,,,,,,,,,,,,,,,,X,X,,,,,,,,
7696,,,,,,,,,,,,,,,,,,,X,,,,,,,,,
7697,,,,,,,,,,,,,,,,,,,X,,,,,,,,,
7698,,,,,,,,,,,,,,,,,,,X,,,,,,,,,
7699,,,,,,,,,,,,,,,,,,,X,,,,,,,,,
7700,,,,,,,,,,,,,,,,,,,X,,,,,,,,,
7701,,,,,,,,,,,,,,,,,,,X,,,,,,,,,
7702,,,,,,,,,,,,,,,,,,,X,,,,,,,,,
7703,,,,,,,,,,,,,,,,,,,X,,,,,,,,,
7704,,,,,,,,,,,,,,,,,,,X,,,,,,,,,
7705,,,,,,,,,,,,,,,,,,,X,,,,,,,,,
7706,,,,,,,,,,,,,,,,,,,X,,,,,,,,,
7707,,,,,,,,,,,,,,,,,,,X,,,,,,,,,
7708,,,,,,,,,,,,,,,,,,,X,,,,,,,,,
7709,,,,,,,,,,,,,,,,,,,X,,,,,,,,,
7710,,,,,,,,,,,,,,,,,,,X,,,,,,,,,
7711,,,,,,,,,,,,,,,,,,,X,,,,,,,,,
7712,,,,,,,,,,,,,,,,,,,X,,,,,,,,,
7713,,,,,,,,,,,,,,,,,,,X,,,,,,,,,
7714,,,,,,,,,,,,,,,,,,,X,,,,,,,,,
7715,,,,,,,,,,,,,,,,,,,X,,,,,,,,,
7716,,,,,,,,,,,,,,,,,,,,X,,,,,,,,
7717,,,,,,,,,,,,,,,,,,,,X,,,,,,,,
7718,,,,,,,,,,,,,,,,,,,,X,,,,,,,,
7719,,,,,,,,,,,,,,,,,,,,X,,,,,,,,
7720,,,,,,,,,,,,,,,,,,,,X,,,,,,,,
7721,,,,,,,,,,,,,,,,,,,,X,,,,,,,,
7722,,,,,,,,,,,,,,,,,,,,X,,,,,X,,,
7723,,,,,,,,,,,,,,,,,,,,X,,,,,X,X,,
7724,,,,,,,,,,,,,,,,,,,,X,,,,,,,,
7725,,,,,,,,,,,,,,,,,,,,X,,,,,,,,
7726,,,,,,,,,,,,,,,,,,,,X,,,,,,,,
7727,,,,,,,,,,,,,,,,,,,,X,,,,,,,,
7728,,,,,,,,,,,,,,,,,,,,X,,,,,,,,
7729,,,,,,,,,,,,,,,,,,,,X,,,,,,,,
7730,,,,,,,,,,,,,,,,,,,,X,,,,,,,,
7731,,,,,,,,,,,,,,,,,,,,X,,,,,,,,
7732,,,,,,,,,,,,,,,,,,,,X,,,,,,,,
7733,,,,,,,,,,,,,,,,,,,,X,,,,,,,,
7734,,,,,,,,,,,,,,,,,,,,X,,,,,,,,
7735,,,,,,,,,,,,,,,,,,,,X,,,,,,,,
7736,,,,,,,,,,,,,,,,,,,,X,,,,,,,,
7737,,,,,,,,,,,,,,,,,,,,X,,,,,,,,
7738,,,,,,,,,,,,,,,,,,,,X,,,,,,,,
7739,,,,,,,,,,,,,,,,,,,,X,,,,,,,,
7740,,,,,,,,,,,,,,,,,,,,X,,,,,,,,
7741,,,,,,,,,,,,,,,,,,,,X,,,,,,,,
7742,,,,,,,,,,,,,,,,,,,,X,,,,,,,,
7743,,,,,,,,,,,,,,,,,,,,X,,,,,,,,
7744,,,,,,,,,,,,,,,,,,,,X,,X,,,,,,
7745,,,,,,,,,,,,,,,,,,,,,X,,,,,,,
7746,,,,,,,,,,,,,,,,,,,,,X,,,,,,,
7747,,,,,,,,,,,,,,,,,,,,,X,,,,,,,
7748,,,,,,,,,,,,,,,,,,,,,X,,,,,,,
7749,,,,,,,,,,,,,,,,,,,,,X,,,,,,,
7750,,,,,,,,,,,,,,,,,,,,,X,,,,,,,
7751,,,,,,,,,,,,,,,,,,,,,X,,,,,,,
7752,,,,,,,,,,,,,,,,,,,,,X,,,,,,,
7753,,,,,,,,,,,,,,,,,,,,,X,,,,,,,
7754,,,,,,,,,,,,,,,,,,,,,X,,,,,,,
7755,,,,,,,,,,,,,,,,,,,,,X,,,,,,,
7756,,,,,,,,,,,,,,,,,,,,,,,,,,,,
7757,,,,,,,,,,,,,,,,,,,,,X,,,,,,,
7758,,,,,,,,,,,,,,,,,,,,,X,,,,,,,
7759,,,,,,,,,,,,,,,,,,,,,X,,,,,,,
7760,,,,,,,,,,,,,,,,,,,,,X,,,,,,,
7761,,,,,,,,,,,,,,,,,,,,,X,,,,,,,
7762,,,,,,,,,,,,,,,,,,,,,X,,,,,,,
7763,,,,,,,,,,,,,,,,,,,,,X,,,,,,,
7764,,,,,,,,,,,,,,,,,,,,,X,,,,,,,
7765,,,,,,,,,,,,,,,,,,,,,X,,,,,,,
7766,,,,,,,,,,,,,,,,,,,,,X,,,,,,,
7767,,,,,,,,,,,,,,,,,,,,,X,,,,,,,
7768,,,,,,,,,,,,,,,,,,,,,X,,,,,,,
7769,,,,,,,,,,,,,,,,,,,,,X,,,,,,,
7770,,,,,,,,,,,,,,,,,,,,,X,,,,,,,
7771,,,,,,,,,,,,,,,,,,,,,X,,,,,,,
7772,,,,,,,,,,,,,,,,,,,,,X,,,,,,,
7773,,,,,,,,,,,,,,,,,,,,,X,,,,,,,
7774,,,,,,,,,,,,,,,,,,,,,X,,,,,,,
7775,,,,,,,,,,,,,,,,,,,,,X,,,,,,,
7776,,,,,,,,,,,,,,,,,,,,,X,,,,,,,
7777,,,,,,,,,,,,,,,,,,,,,X,,,,,,,
7778,,,,,,,,,,,,,,,,,,,,,X,,,,,,,
7779,,,,,,,,,,,,,,,,,,,,,X,,,,,,,
7780,,,,,,,,,,,,,,,,,,,,,,,,,,,,
7781,,,,,,,,,,,,,,,,,,,,,,X,,,,,,
7782,,,,,,,,,,,,,,,,,,,,,,X,,,,,,
7783,,,,,,,,,,,,,,,,,,,,,,X,,,,,,
7784,,,,,,,,,,,,,,,,,,,,,,X,,,,,,
7785,,,,,,,,,,,,,,,,,,,,,,X,,,,,,
7786,,,,,,,,,,,,,,,,,,,,,,X,,,,,,
7787,,,,,,,,,,,,,,,,,,,,,,X,,,,,,
7788,,,,,,,,,,,,,,,,,,,,,,X,,,,,,
7789,,,,,,,,,,,,,,,,,,,,,,X,,,,,,
7790,,,,,,,,,,,,,,,,,,,,,,X,,,,,,
7791,,,,,,,,,,,,,,,,,,,,,,X,,,,,,
7792,,,,,,,,,,,,,,,,,,,,,,X,,,,,,
7793,,,,,,,,,,,,,,,,,,,,,,X,,,,,,
7794,,,,,,,,,,,,,,,,,,,,,,X,,,,,,
7795,,,,,,,,,,,,,,,,,,,,,,X,,,,,,
7796,,,,,,,,,,,,,,,,,,,,,,X,,,,,,
7797,,,,,,,,,,,,,,,,,,,,,,X,,,,,,
7798,,,,,,,,,,,,,,,,,,,,,,X,,X,,,,
7799,,,,,,,,,,,,,,,,,,,,,,X,,,,,,
7800,,,,,,,,,,,,,,,,,,,,,,X,,,,,,
7801,,,,,,,,,,,,,,,,,,,,,,X,,,,,,
7802,,,,,,,,,,,,,,,,,,,,,,X,,,,,,
7803,,,,,,,,,,,,,,,,,,,,,,X,,,,,,
7804,,,,,,,,,,,,,,,,,,,,,,X,,,,,,
7805,,,,,,,,,,,,,,,,,,,,,,,X,,,,,
7806,,,,,,,,,,,,,,,,,,,,,,,X,,,,,
7807,,,,,,,,,,,,,,,,,,,,,,,X,,,,,
7808,,,,,,,,,,,,,,,,,,,,,,,X,,,,,
7809,,,,,,,,,,,,,,,,,,,,,,,X,,,,,
7810,,,,,,,,,,,,,,,,,,,,,,,X,,,,,
7811,,,,,,,,,,,,,,,,,,,,,,,X,,,,,
7812,,,,,,,,,,,,,,,,,,,,,,,X,,X,,,
7813,,,,,,,,,,,,,,,,,,,,,,,X,,X,,,
7814,,,,,,,,,,,,,,,,,,,,,,,X,,X,,,
7815,,,,,,,,,,,,,,,,,,,,,,,X,,,,,
7816,,,,,,,,,,,,,,,,,,,,,,,X,,,,,
7817,,,,,,,,,,,,,,,,,,,,,,,X,,,,,
7818,,,,,,,,,,,,,,,,,,,,,,,X,,,,,
7819,,,,,,,,,,,,,,,,,,,,,,,X,,,,,
7820,,,,,,,,,,,,,,,,,,,,,,,X,,,,,
7821,,,,,,,,,,,,,,,,,,,,,,,X,,,X,X,X
7822,,,,,,,,,,,,,,,,,,,,,,,X,,X,X,X,X
7823,,,,,,,,,,,,,,,,,,,,,,,X,,X,X,XX,X
7824,,,,,,,,,,,,,,,,,,,,,,,X,,,,X,
7825,,,,,,,,,,,,,,,,,,,,,,,X,,,,X,
7826,,,,,,,,,,,,,,,,,,,,,,,X,,,,X,
7827,,,,,,,,,,,,,,,,,,,,,,,X,,,,X,
7828,,,,,,,,,,,,,,,,,,,,,,,X,,,,,
7829,,,,,,,,,,,,,,,,,,,,,,,X,,,,,
7830,,,,,,,,,,,,,,,,,,,,,,,X,,,,,
7831,,,,,,,,,,,,,,,,,,,,,,,X,,,,,
7832,,,,,,,,,,,,,,,,,,,,,,,X,,,,,
7833,,,,,,,,,,,,,,,,,,,,,,,X,,,,,
7834,,,,,,,,,,,,,,,,,,,,,,,X,,,,,
7835,,,,,,,,,,,,,,,,,,,,,,,,X,,,,
7836,,,,,,,,,,,,,,,,,,,,,,,,X,,,,
7837,,,,,,,,,,,,,,,,,,,,,,,,X,,,,
7838,,,,,,,,,,,,,,,,,,,,,,,,X,,,,
7839,,,,,,,,,,,,,,,,,,,,,,,,X,,,,
7840,,,,,,,,,,,,,,,,,,,,,,,,X,,,,
7841,,,,,,,,,,,,,,,,,,,,,,,,X,,,,
7842,,,,,,,,,,,,,,,,,,,,,,,,X,,,,
7843,,,,,,,,,,,,,,,,,,,,,,,,X,,,,X
7844,,,,,,,,,,,,,,,,,,,,,,,,X,,,,X
7845,,,,,,,,,,,,,,,,,,,,,,,,X,,,,X
7846,,,,,,,,,,,,,,,,,,,,,,,,X,X,X,X,XX
7847,,,,,,,,,,,,,,,,,,,,,,,,X,X,X,X,X
7848,,,,,,,,,,,,,,,,,,,,,,,,X,X,X,X,X
7849,,,,,,,,,,,,,,,,,,,,,,,,X,,,,
7850,,,,,,,,,,,,,,,,,,,,,,,,X,,,,
7851,,,,,,,,,,,,,,,,,,,,,,,,X,,,,
7852,,,,,,,,,,,,,,,,,,,,,,,,X,,,,
7853,,,,,,,,,,,,,,,,,,,,,,,,X,,,,
7854,,,,,,,,,,,,,,,,,,,,,,,,X,,,,
7855,,,,,,,,,,,,,,,,,,,,,,,,X,,,,
7856,,,,,,,,,,,,,,,,,,,,,,,,X,,,,
7857,,,,,,,,,,,,,,,,,,,,,,,,X,,,,
7858,,,,,,,,,,,,,,,,,,,,,,,,X,,,,
7859,,,,,,,,,,,,,,,,,,,,,,,,X,,,,
7860,,,,,,,,,,,,,,,,,,,,,,,,,X,,X,
7861,,,,,,,,,,,,,,,,,,,,,,,,,X,,X,
7862,,,,,,,,,,,,,,,,,,,,,,,,,X,,X,
7863,,,,,,,,,,,,,,,,,,,,,,,,,X,,X,
7864,,,,,,,,,,,,,,,,,,,,,,,,,X,,X,
7865,,,,,,,,,,,,,,,,,,,,,,,,,X,,X,
7866,,,,,,,,,,,,,,,,,,,,,,,,,X,,X,
7867,,,,,,,,,,,,,,,,,,,,,,,,,X,,XX,
7868,,,,,,,,,,,,,,,,,,,,,,,,,X,,XX,
7869,,,,,,,,,,,,,,,,,,,,,,,,,X,X,X,X
7870,,,,,,,,,,,,,,,,,,,,,,,,,X,X,X,X
7871,,,,,,,,,,,,,,,,,,,,,,,,,X,X,X,X
7872,,,,,,,,,,,,,,,,,,,,,,,,,X,X,X,X
7873,,,,,,,,,,,,,,,,,,,,,,,,,X,,,
7874,,,,,,,,,,,,,,,,,,,,,,,,,X,,,
7875,,,,,,,,,,,,,,,,,,,,,,,,,X,,,
7876,,,,,,,,,,,,,,,,,,,,,,,,,X,,,
7877,,,,,,,,,,,,,,,,,,,,,,,,,X,X,,
7878,,,,,,,,,,,,,,,,,,,,,,,,,X,,,
7879,,,,,,,,,,,,,,,,,,,,,,,,,X,,,
7880,,,,,,,,,,,,,,,,,,,,,,,,,X,,,
7881,,,,,,,,,,,,,,,,,,,,,,,,,X,,,
7882,,,,,,,,,,,,,,,,,,,,,,,,,X,,,
7883,,,,,,,,,,,,,,,,,,,,,,,,,X,,,
7884,,,,,,,,,,,,,,,,,,,,,,,,,X,X,,
7885,,,,,,,,,,,,,,,,,,,,,,,,,X,X,,
7886,,,,,,,,,,,,,,,,,,,,,,,,,X,X,,
7887,,,,,,,,,,,,,,,,,,,,,,,,,X,X,,
7888,,,,,,,,,,,,,,,,,,,,,,,,,X,X,,
7889,,,,,,,,,,,,,,,,,,,,,,,,,X,X,,
7890,,,,,,,,,,,,,,,,,,,,,,,,,X,X,,
7891,,,,,,,,,,,,,,,,,,,,,,,,,X,X,,
7892,,,,,,,,,,,,,,,,,,,,,,,,,X,X,,
7893,,,,,,,,,,,,,,,,,,,,,,,,,X,X,,
7894,,,,,,,,,,,,,,,,,,,,,,,,,X,X,,
7895,,,,,,,,,,,,,,,,,,,,,,,,,X,X,,
7896,,,,,,,,,,,,,,,,,,,,,,,,,X,X,,
7897,,,,,,,,,,,,,,,,,,,,,,,,,X,X,,
7898,,,,,,,,,,,,,,,,,,,,,,,,,X,X,,
7899,,,,,,,,,,,,,,,,,,,,,,,,,X,X,,
7900,,,,,,,,,,,,,,,,,,,,,,,,,X,X,,
7901,,,,,,,,,,,,,,,,,,,,,,,,,X,X,,
7902,,,,,,,,,,,,,,,,,,,,,,,,,X,X,,
7903,,,,,,,,,,,,,,,,,,,,,,,,,X,X,,
7904,,,,,,,,,,,,,,,,,,,,,,,,,X,X,,
7905,,,,,,,,,,,,,,,,,,,,,,,,,X,X,,
7906,,,,,,,,,,,,,,,,,,,,,,,,,X,X,,
7907,,,,,,,,,,,,,,,,,,,,,,,,,X,X,,
7908,,,,,,,,,,,,,,,,,,,,,,,,,X,X,,
7909,,,,,,,,,,,,,,,,,,,,,,,,,X,X,,
7910,,,,,,,,,,,,,,,,,,,,,,,,,X,X,,
7911,,,,,,,,,,,,,,,,,,,,,,,,,X,X,,
7912,,,,,,,,,,,,,,,,,,,,,,,,,X,X,,
7913,,,,,,,,,,,,,,,,,,,,,,,,,X,X,,
7914,,,,,,,,,,,,,,,,,,,,,,,,,X,X,,
7915,,,,,,,,,,,,,,,,,,,,,,,,,X,X,,
7916,,,,,,,,,,,,,,,,,,,,,,,,,X,X,,
7917,,,,,,,,,,,,,,,,,,,,,,,,,X,X,,
7918,,,,,,,,,,,,,,,,,,,,,,,,,X,X,,
7919,,,,,,,,,,,,,,,,,,,,,,,,,X,X,,
7920,,,,,,,,,,,,,,,,,,,,,,,,,X,X,,
7921,,,,,,,,,,,,,,,,,,,,,,,,,X,X,,
7922,,,,,,,,,,,,,,,,,,,,,,,,,X,X,,
7923,,,,,,,,,,,,,,,,,,,,,,,,,X,X,,
7924,,,,,,,,,,,,,,,,,,,,,,,,,X,X,,
7925,,,,,,,,,,,,,,,,,,,,,,,,,X,X,,
7926,,,,,,,,,,,,,,,,,,,,,,,,,X,X,,
7927,,,,,,,,,,,,,,,,,,,,,,,,,X,X,,
7928,,,,,,,,,,,,,,,,,,,,,,,,,X,X,,
7929,,,,,,,,,,,,,,,,,,,,,,,,,X,X,,
7930,,,,,,,,,,,,,,,,,,,,,,,,,X,X,,
7931,,,,,,,,,,,,,,,,,,,,,,,,,X,,X,
7932,,,,,,,,,,,,,,,,,,,,,,,,,X,X,X,
7933,,,,,,,,,,,,,,,,,,,,,,,,,X,,X,
7934,,,,,,,,,,,,,,,,,,,,,,,,,X,,X,
7935,,,,,,,,,,,,,,,,,,,,,,,,,X,,X,
7936,,,,,,,,,,,,,,,,,,,,,,,,,,X,X,X
7937,,,,,,,,,,,,,,,,,,,,,,,,,X,X,X,X
7938,,,,,,,,,,,,,,,,,,,,,,,,,X,X,X,X
7939,,,,,,,,,,,,,,,,,,,,,,,,,X,X,X,X
7940,,,,,,,,,,,,,,,,,,,,,,,,,X,X,X,X
7941,,,,,,,,,,,,,,,,,,,,,,,,,X,,X,X
7942,,,,,,,,,,,,,,,,,,,,,,,,,X,,X,
7943,,,,,,,,,,,,,,,,,,,,,,,,,X,,X,
7944,,,,,,,,,,,,,,,,,,,,,,,,,X,,X,
7945,,,,,,,,,,,,,,,,,,,,,,,,,X,,X,
7946,,,,,,,,,,,,,,,,,,,,,,,,,X,,X,
7947,,,,,,,,,,,,,,,,,,,,,,,,,,,,
7948,,,,,,,,,,,,,,,,,,,,,,,,,,,,
7949,,,,,,,,,,,,,,,,,,,,,,,,,,,,
7950,,,,,,,,,,,,,,,,,,,,,,,,,,,,
7951,,,,,,,,,,,,,,,,,,,,,,,,,,,,
7952,,,,,,,,,,,,,,,,,,,,,,,,,,,,
7953,,,,,,,,,,,,,,,,,,,,,,,,,,,,
7954,,,,,,,,,,,,,,,,,,,,,,,,,,X,,
7955,,,,,,,,,,,,,,,,,,,,,,,,,,X,,
7956,,,,,,,,,,,,,,,,,,,,,,,,,,X,,
7957,,,,,,,,,,,,,,,,,,,,,,,,,,X,,
7958,,,,,,,,,,,,,,,,,,,,,,,,,,X,,
7959,,,,,,,,,,,,,,,,,,,,,,,,,,X,,
7960,,,,,,,,,,,,,,,,,,,,,,,,,,X,,
7961,,,,,,,,,,,,,,,,,,,,,,,,,,X,,
7962,,,,,,,,,,,,,,,,,,,,,,,,,,X,,
7963,,,,,,,,,,,,,,,,,,,,,,,,,,X,,
7964,,,,,,,,,,,,,,,,,,,,,,,,,,,,
7965,,,,,,,,,,,,,,,,,,,,,,,,,,,,
7966,,,,,,,,,,,,,,,,,,,,,,,,,,,,
7967,,,,,,,,,,,,,,,,,,,,,,,,,,,,
7968,,,,,,,,,,,,,,,,,,,,,,,,,,,,
7969,,,,,,,,,,,,,,,,,,,,,,,,,,,,
7970,,,,,,,,,,,,,,,,,,,,,,,,,,,,
7971,,,,,,,,,,,,,,,,,,,,,,,,,,,,
7972,,,,,,,,,,,,,,,,,,,,,,,,,,X,,
7973,,,,,,,,,,,,,,,,,,,,,,,,,,X,,
7974,,,,,,,,,,,,,,,,,,,,,,,,,,,,
7975,,,,,,,,,,,,,,,,,,,,,,,,,,,,
7976,,,,,,,,,,,,,,,,,,,,,,,,,,,,
7977,,,,,,,,,,,,,,,,,,,,,,,,,,,,
7978,,,,,,,,,,,,,,,,,,,,,,,,,,,,
7979,,,,,,,,,,,,,,,,,,,,,,,,,,X,,
7980,,,,,,,,,,,,,,,,,,,,,,,,,,X,,
7981,,,,,,,,,,,,,,,,,,,,,,,,,,X,,
7982,,,,,,,,,,,,,,,,,,,,,,,,,,X,,
7983,,,,,,,,,,,,,,,,,,,,,,,,,,X,,
7984,,,,,,,,,,,,,,,,,,,,,,,,,,X,,
7985,,,,,,,,,,,,,,,,,,,,,,,,,,X,,
7986,,,,,,,,,,,,,,,,,,,,,,,,,,,,
7987,,,,,,,,,,,,,,,,,,,,,,,,,,,,
7988,,,,,,,,,,,,,,,,,,,,,,,,,,X,,
7989,,,,,,,,,,,,,,,,,,,,,,,,,,X,,
7990,,,,,,,,,,,,,,,,,,,,,,,,,,X,,
7991,,,,,,,,,,,,,,,,,,,,,,,,,,,,
7992,,,,,,,,,,,,,,,,,,,,,,,,,,X,,
7993,,,,,,,,,,,,,,,,,,,,,,,,,,X,,
7994,,,,,,,,,,,,,,,,,,,,,,,,,,X,,
7995,,,,,,,,,,,,,,,,,,,,,,,,,,X,,
7996,,,,,,,,,,,,,,,,,,,,,,,,,,X,,
7997,,,,,,,,,,,,,,,,,,,,,,,,,,X,,
7998,,,,,,,,,,,,,,,,,,,,,,,,,,X,,
7999,,,,,,,,,,,,,,,,,,,,,,,,,,X,,
8000,,,,,,,,,,,,,,,,,,,,,,,,,,X,,
8001,,,,,,,,,,,,,,,,,,,,,,,,,,X,,
8002,,,,,,,,,,,,,,,,,,,,,,,,,,X,,X
8003,,,,,,,,,,,,,,,,,,,,,,,,,,,,X
8004,,,,,,,,,,,,,,,,,,,,,,,,,X,,X,X
8005,,,,,,,,,,,,,,,,,,,,,,,,,,,,X
8006,,,,,,,,,,,,,,,,,,,,,,,,,,,,X
8007,,,,,,,,,,,,,,,,,,,,,,,,,,,X,X
8008,,,,,,,,,,,,,,,,,,,,,,,,,,,X,
8009,,,,,,,,,,,,,,,,,,,,,,,,,,,X,
8010,,,,,,,,,,,,,,,,,,,,,,,,,,,X,
8011,,,,,,,,,,,,,,,,,,,,,,,,,,,X,
8012,,,,,,,,,,,,,,,,,,,,,,,,,,,X,
8013,,,,,,,,,,,,,,,,,,,,,,,,,,,X,
8014,,,,,,,,,,,,,,,,,,,,,,,,,,,X,
8015,,,,,,,,,,,,,,,,,,,,,,,,,,,X,
8016,,,,,,,,,,,,,,,,,,,,,,,,,,,X,
8017,,,,,,,,,,,,,,,,,,,,,,,,,,,X,
8018,,,,,,,,,,,,,,,,,,,,,,,,,,,X,
8019,,,,,,,,,,,,,,,,,,,,,,,,,,,X,
8020,,,,,,,,,,,,,,,,,,,,,,,,,,,X,
8021,,,,,,,,,,,,,,,,,,,,,,,,,,,X,
8022,,,,,,,,,,,,,,,,,,,,,,,,,,,X,
8023,,,,,,,,,,,,,,,,,,,,,,,,,,,X,
8024,,,,,,,,,,,,,,,,,,,,,,,,,,,X,
8025,,,,,,,,,,,,,,,,,,,,,,,,,,,X,
8026,,,,,,,,,,,,,,,,,,,,,,,,,,,X,
8027,,,,,,,,,,,,,,,,,,,,,,,,,,,X,
8028,,,,,,,,,,,,,,,,,,,,,,,,,,,X,
8029,,,,,,,,,,,,,,,,,,,,,,,,,,,X,
8030,,,,,,,,,,,,,,,,,,,,,,,,,,,X,
8031,,,,,,,,,,,,,,,,,,,,,,,,,,,X,
8032,,,,,,,,,,,,,,,,,,,,,,,,,,,X,
8033,,,,,,,,,,,,,,,,,,,,,,,,,,,X,
8034,,,,,,,,,,,,,,,,,,,,,,,,,,,X,
8035,,,,,,,,,,,,,,,,,,,,,,,,,,,X,
8036,,,,,,,,,,,,,,,,,,,,,,,,,,,X,
8037,,,,,,,,,,,,,,,,,,,,,,,,,,,X,
8038,,,,,,,,,,,,,,,,,,,,,,,,,,,X,
8039,,,,,,,,,,,,,,,,,,,,,,,,,,,X,
8040,,,,,,,,,,,,,,,,,,,,,,,,,,,X,
8041,,,,,,,,,,,,,,,,,,,,,,,,,,,X,
8042,,,,,,,,,,,,,,,,,,,,,,,,,,,X,
8043,,,,,,,,,,,,,,,,,,,,,,,,,,,X,
8044,,,,,,,,,,,,,,,,,,,,,,,,,,,X,
8045,,,,,,,,,,,,,,,,,,,,,,,,,,,X,
8046,,,,,,,,,,,,,,,,,,,,,,,,,,,X,
8047,,,,,,,,,,,,,,,,,,,,,,,,,,,X,
8048,,,,,,,,,,,,,,,,,,,,,,,,,,,X,
8049,,,,,,,,,,,,,,,,,,,,,,,,,,,X,
8050,,,,,,,,,,,,,,,,,,,,,,,,,,,X,
8051,,,,,,,,,,,,,,,,,,,,,,,,,,,X,
8052,,,,,,,,,,,,,,,,,,,,,,,,,,,X,
8053,,,,,,,,,,,,,,,,,,,,,,,,,,,X,
8054,,,,,,,,,,,,,,,,,,,,,,,,,,,X,
8055,,,,,,,,,,,,,,,,,,,,,,,,,,,X,
8056,,,,,,,,,,,,,,,,,,,,,,,,,,,X,
8057,,,,,,,,,,,,,,,,,,,,,,,,,,,X,
8058,,,,,,,,,,,,,,,,,,,,,,,,,,,X,
8059,,,,,,,,,,,,,,,,,,,,,,,,,,,X,
8060,,,,,,,,,,,,,,,,,,,,,,,,,,,X,
8061,,,,,,,,,,,,,,,,,,,,,,,,,,,X,
8062,,,,,,,,,,,,,,,,,,,,,,,,,,,X,
8063,,,,,,,,,,,,,,,,,,,,,,,,,,,X,
8064,,,,,,,,,,,,,,,,,,,,,,,,,,,X,
8065,,,,,,,,,,,,,,,,,,,,,,,,,,,X,
8066,,,,,,,,,,,,,,,,,,,,,,,,,,,X,
8067,,,,,,,,,,,,,,,,,,,,,,,,,,,X,
8068,,,,,,,,,,,,,,,,,,,,,,,,,,,X,
8069,,,,,,,,,,,,,,,,,,,,,,,,,,,X,
8070,,,,,,,,,,,,,,,,,,,,,,,,,,,X,
8071,,,,,,,,,,,,,,,,,,,,,,,,,,,X,
8072,,,,,,,,,,,,,,,,,,,,,,,,,,,X,
8073,,,,,,,,,,,,,,,,,,,,,,,,,,,X,
8074,,,,,,,,,,,,,,,,,,,,,,,,,,,X,
8075,,,,,,,,,,,,,,,,,,,,,,,,,,,X,
8076,,,,,,,,,,,,,,,,,,,,,,,,,,,X,
8077,,,,,,,,,,,,,,,,,,,,,,,,,,,X,
8078,,,,,,,,,,,,,,,,,,,,,,,,,,,X,
8079,,,,,,,,,,,,,,,,,,,,,,,,,,,X,
8080,,,,,,,,,,,,,,,,,,,,,,,,,,,X,
8081,,,,,,,,,,,,,,,,,,,,,,,,,,,X,
8082,,,,,,,,,,,,,,,,,,,,,,,,,,,X,
8083,,,,,,,,,,,,,,,,,,,,,,,,,,,X,
8084,,,,,,,,,,,,,,,,,,,,,,,,,,,X,
8085,,,,,,,,,,,,,,,,,,,,,,,,,,,X,
8086,,,,,,,,,,,,,,,,,,,,,,,,,,,X,
8087,,,,,,,,,,,,,,,,,,,,,,,,,,,X,
8088,,,,,,,,,,,,,,,,,,,,,,,,,,,X,
8089,,,,,,,,,,,,,,,,,,,,,,,,,,,X,
8090,,,,,,,,,,,,,,,,,,,,,,,,,,,X,
8091,,,,,,,,,,,,,,,,,,,,,,,,,,,X,
8092,,,,,,,,,,,,,,,,,,,,,,,,,,,X,
8093,,,,,,,,,,,,,,,,,,,,,,,,,,,X,
8094,,,,,,,,,,,,,,,,,,,,,,,,,,,X,
8095,,,,,,,,,,,,,,,,,,,,,,,,,,,X,
8096,,,,,,,,,,,,,,,,,,,,,,,,,,,X,
8097,,,,,,,,,,,,,,,,,,,,,,,,,,,X,
8098,,,,,,,,,,,,,,,,,,,,,,,,,,,X,
8099,,,,,,,,,,,,,,,,,,,,,,,,,,,X,
8100,,,,,,,,,,,,,,,,,,,,,,,,,,,X,
8101,,,,,,,,,,,,,,,,,,,,,,,,,,,X,
8102,,,,,,,,,,,,,,,,,,,,,,,,,,,X,
8103,,,,,,,,,,,,,,,,,,,,,,,,,,,X,
8104,,,,,,,,,,,,,,,,,,,,,,,,,,,X,
8105,,,,,,,,,,,,,,,,,,,,,,,,,,,X,
8106,,,,,,,,,,,,,,,,,,,,,,,,,,,X,
8107,,,,,,,,,,,,,,,,,,,,,,,,,,,X,
8108,,,,,,,,,,,,,,,,,,,,,,,,,,,X,
8109,,,,,,,,,,,,,,,,,,,,,,,,,,,X,
8110,,,,,,,,,,,,,,,,,,,,,,,,,,,X,
8111,,,,,,,,,,,,,,,,,,,,,,,,,,,X,
8112,,,,,,,,,,,,,,,,,,,,,,,,,,,X,
8113,,,,,,,,,,,,,,,,,,,,,,,,,,,X,
8114,,,,,,,,,,,,,,,,,,,,,,,,,,,X,
8115,,,,,,,,,,,,,,,,,,,,,,,,,,,X,
8116,,,,,,,,,,,,,,,,,,,,,,,,,,,X,
8117,,,,,,,,,,,,,,,,,,,,,,,,,,,,X
8118,,,,,,,,,,,,,,,,,,,,,,,,,,,,X
8119,,,,,,,,,,,,,,,,,,,,,,,,,,,,X
8120,,,,,,,,,,,,,,,,,,,,,,,,,,,,X
8121,,,,,,,,,,,,,,,,,,,,,,,,,,,,X
8122,,,,,,,,,,,,,,,,,,,,,,,,,,,,X
8123,,,,,,,,,,,,,,,,,,,,,,,,,,,,X
8124,,,,,,,,,,,,,,,,,,,,,,,,,,,,X
8125,,,,,,,,,,,,,,,,,,,,,,,,,,,,X
8126,,,,,,,,,,,,,,,,,,,,,,,,,,,,X
8127,,,,,,,,,,,,,,,,,,,,,,,,,,,,X
8128,,,,,,,,,,,,,,,,,,,,,,,,,,,,X
8129,,,,,,,,,,,,,,,,,,,,,,,,,,,,X
8130,,,,,,,,,,,,,,,,,,,,,,,,,,,,X
8131,,,,,,,,,,,,,,,,,,,,,,,,,,,,X
8132,,,,,,,,,,,,,,,,,,,,,,,,,,,,X
8133,,,,,,,,,,,,,,,,,,,,,,,,,,,,X
8134,,,,,,,,,,,,,,,,,,,,,,,,,,,,X
8135,,,,,,,,,,,,,,,,,,,,,,,,,,,,X
8136,,,,,,,,,,,,,,,,,,,,,,,,,,,,X
8137,,,,,,,,,,,,,,,,,,,,,,,,,,,,X
8138,,,,,,,,,,,,,,,,,,,,,,,,,,,,X
8139,,,,,,,,,,,,,,,,,,,,,,,,,,,,X
8140,,,,,,,,,,,,,,,,,,,,,,,,,,,,X
8141,,,,,,,,,,,,,,,,,,,,,,,,,,,,X
8142,,,,,,,,,,,,,,,,,,,,,,,,,,,,X
8143,,,,,,,,,,,,,,,,,,,,,,,,,,,,X
8144,,,,,,,,,,,,,,,,,,,,,,,,,,,,X
8145,,,,,,,,,,,,,,,,,,,,,,,,,,,,X
8146,,,,,,,,,,,,,,,,,,,,,,,,,,,,X
8147,,,,,,,,,,,,,,,,,,,,,,,,,,,,X
8148,,,,,,,,,,,,,,,,,,,,,,,,,,,,X
8149,,,,,,,,,,,,,,,,,,,,,,,,,,,,X
8150,,,,,,,,,,,,,,,,,,,,,,,,,,,,X
8151,,,,,,,,,,,,,,,,,,,,,,,,,,,,X
8152,,,,,,,,,,,,,,,,,,,,,,,,,,,,X
8153,,,,,,,,,,,,,,,,,,,,,,,,,,,,X
8154,,,,,,,,,,,,,,,,,,,,,,,,,,,,X
8155,,,,,,,,,,,,,,,,,,,,,,,,,,,,X
8156,,,,,,,,,,,,,,,,,,,,,,,,,,,,X
8157,,,,,,,,,,,,,,,,,,,,,,,,,,,,X
8158,,,,,,,,,,,,,,,,,,,,,,,,,,,,X
8159,,,,,,,,,,,,,,,,,,,,,,,,,,,,X
8160,,,,,,,,,,,,,,,,,,,,,,,,,,,,X
8161,,,,,,,,,,,,,,,,,,,,,,,,,,,,X
8162,,,,,,,,,,,,,,,,,,,,,,,,,,,,X
8163,,,,,,,,,,,,,,,,,,,,,,,,,,,,X
8164,,,,,,,,,,,,,,,,,,,,,,,,,,,,X
8165,,,,,,,,,,,,,,,,,,,,,,,,,,,,X
8166,,,,,,,,,,,,,,,,,,,,,,,,,,,,X
8167,,,,,,,,,,,,,,,,,,,,,,,,,,,,X
8168,,,,,,,,,,,,,,,,,,,,,,,,,,,,X
8169,,,,,,,,,,,,,,,,,,,,,,,,,,,,X
8170,,,,,,,,,,,,,,,,,,,,,,,,,,,,X
8171,,,,,,,,,,,,,,,,,,,,,,,,,,,,X
8172,,,,,,,,,,,,,,,,,,,,,,,,,,,,X
8173,,,,,,,,,,,,,,,,,,,,,,,,,,,,X
8174,,,,,,,,,,,,,,,,,,,,,,,,,,,,X
8175,,,,,,,,,,,,,,,,,,,,,,,,,,,,X
8176,,,,,,,,,,,,,,,,,,,,,,,,,,,,X
8177,,,,,,,,,,,,,,,,,,,,,,,,,,,,X
8178,,,,,,,,,,,,,,,,,,,,,,,,,,,,X
8179,,,,,,,,,,,,,,,,,,,,,,,,,,,,X
8180,,,,,,,,,,,,,,,,,,,,,,,,,,,,X
8181,,,,,,,,,,,,,,,,,,,,,,,,,,,,X
8182,,,,,,,,,,,,,,,,,,,,,,,,,,,,X
8183,,,,,,,,,,,,,,,,,,,,,,,,,,,,X
8184,,,,,,,,,,,,,,,,,,,,,,,,,,,,X
8185,,,,,,,,,,,,,,,,,,,,,,,,,,,,X
8186,,,,,,,,,,,,,,,,,,,,,,,,,,,,X
8187,,,,,,,,,,,,,,,,,,,,,,,,,,,,X
8188,,,,,,,,,,,,,,,,,,,,,,,,,,,,X
8189,,,,,,,,,,,,,,,,,,,,,,,,,,,,X
8190,,,,,,,,,,,,,,,,,,,,,,,,,,,,X
8191,,,,,,,,,,,,,,,,,,,,,,,,,,,,X
8192,,,,,,,,,,,,,,,,,,,,,,,,,,,,X
8193,,,,,,,,,,,,,,,,,,,,,,,,,,,,X
8194,,,,,,,,,,,,,,,,,,,,,,,,,,,,X
8195,,,,,,,,,,,,,,,,,,,,,,,,,,,,X
8196,,,,,,,,,,,,,,,,,,,,,,,,,,,,X
8197,,,,,,,,,,,,,,,,,,,,,,,,,,,,X
8198,,,,,,,,,,,,,,,,,,,,,,,,,,,,X
8199,,,,,,,,,,,,,,,,,,,,,,,,,,,,X
8200,,,,,,,,,,,,,,,,,,,,,,,,,,,,X
8201,,,,,,,,,,,,,,,,,,,,,,,,,,,,X
8202,,,,,,,,,,,,,,,,,,,,,,,,,,,,X
8203,,,,,,,,,,,,,,,,,,,,,,,,,,,,X
8204,,,,,,,,,,,,,,,,,,,,,,,,,,,,X
8205,,,,,,,,,,,,,,,,,,,,,,,,,,,,X
8206,,,,,,,,,,,,,,,,,,,,,,,,,,,,X
8207,,,,,,,,,,,,,,,,,,,,,,,,,,,,X
8208,,,,,,,,,,,,,,,,,,,,,,,,,,,,X
8209,,,,,,,,,,,,,,,,,,,,,,,,,,,,X
8210,,,,,,,,,,,,,,,,,,,,,,,,,,,,X
8211,,,,,,,,,,,,,,,,,,,,,,,,,,,,X
8212,,,,,,,,,,,,,,,,,,,,,,,,,,,,X
8213,,,,,,,,,,,,,,,,,,,,,,,,,,,,X
