stop_id,30.ida,30.reg,31.ida ,31.reg,32.ida,32.reg,33.ida,33.reg,34.ida,34.reg,35.ida,35.reg,36.ida,36.reg,b30.ida,b30.reg,d30.ida,d30.reg,80.ida,80.reg,81.ida,81.reg,82.ida,82.reg,83.ida,83.reg,84.ida,84.reg,b80.ida,b80.reg,d80.ida,d80.reg
8214,,,,,,,,,,,,,,,X,,,,,,,,,,,,,,,,,
8215,,,,,,,,,,,,,,,X,,,,,,,,,,,,,,,,,
8216,,,,,,,,,,,,,,,X,,,,,,,,,,,,,,,,,
8217,,,,X,,,,,,,,,,,X,,,,,,,,,,,,,,,,,
8218,,,,,,,,,,,,,,,X,,,,,,,,,,,,,,,,,
8219,,,X,,,,,,,,,,,,X,,,,,,,,,,,,,,,,,
8220,,,X,,,,,,,,,,,,X,,,,,,,,,,,,,,,,,
8221,X,,X,,X,,,,,,,,,,X,,,,,,,,,,,,,,,,,
8222,X,,X,,X,,,,,,,,,,X,,,,,,,,,,,,,,,,,
8223,X,,X,,X,,,,,,,,,,X,,,,,,,,,,,,,,,,,
8224,X,,X,,X,,,,,,,,,,X,,,,,,,,,,,,,,,,,
8225,,,,,,,,,,X,,,,,X,,X,,,,,,,,,,,,,,,
8226,,,,,,,,,,X,,,,,X,,X,,,,,,,,,,,,,,,
8227,,,,,,,,,,X,,,,,X,,X,,,,,,,,,,,,,,,
8228,,,,,,,,,,,,,,,X,,,,,,,,,,,,,,,,,
8229,,,,,,,,,,,,,,,X,,,,,,,,,,,,,,,,,
8230,,,,,,,,,,,X,,,,X,,,,,,,,,,,,,,,,,
8231,,,,,,,,,,,X,,,,X,,,,,,,,,,,,,,,,,
8232,,,,,,,,,,,X,,,,X,,,,,,,,,,,,,,,,,
8233,,,,,,,,,,,,,,,X,,,,,,,,,,,,,,,,,
8234,,,,,,,,,,,,,,,X,,,,,,,,,,,,,,,,,
8235,,,,,,,X,,,,,,,,X,,,,,,,,,,,,,,,,,
8236,,,,,,,X,,,,,,,,X,,,,,,,,,,,,,,,,,
7504,,,,,,,,,,,,,,,X,,,,,,,,,,,,,,,,,
7506,,,,,,,,,,,,,,X,X,,,,,,,,,,,,,,,,,
7507,,,,,,,,,,,,,,,X,,,,,,,,,,,,,,,,,
7508,,,,,,,,,,,,,,X,X,,,,,,,,,,,,,,,,,
7509,,,,,,,,,,,,,,X,X,,,,,,,,,,,,,,,,,
7510,,,,,,,,,,,,,,X,X,,,,,,,,,,,,,,,,,
7511,,,,,,,,,,,,,,X,X,,,,,,,,,,,,,,,,,
7512,,,,,,,,,,,,,,X,X,,,,,,,,,,,,,,,,,
7513,,,,,,,,,,,,,,X,X,,,,,,,,,,,,,,,,,
7514,,,,,,,,,,,,,,X,X,,,,,,,,,,,,,,,,,
7515,,,,,,,,,,,,,,X,X,,,,,,,,,,,,,,,,,
7576,,,,,,,,,,,,,,,X,,,,,,,,,,,,,,,,,
7577,,,,,,,,,,,,,,,X,,,,,,,,,,,,,,,,,
7578,,,,,,,,,,,,,,,X,,,,,,,,,,,,,,,,,
7579,,,,,,,,,,,,,,,X,,,,,,,,,,,,,,,,,
7580,,,,,,,,,,,,,,,X,,,,,,,,,,,,,,,,,
7581,,,,,,,,,,,,,,,X,,,,,,,,,,,,,,,,,
7582,,,,,,,,,,,,,,,X,,,,,,,,,,,,,,,,,
7583,,,,,,,,,,,,,,,X,,,,,,,,,,,,,,,,,
7584,,,,,,,,,,,,,,,X,,,,,,,,,,,,,,,,,
7585,,,,,,,,,,,,,,,X,,,,,,,,,,,,,,,,,
7586,,,,,,,,,,,,,,,X,,,,,,,,,,,,,,,,,
7587,,,,,,,,,,,,,,,X,,,,,,,,,,,,,,,,,
7588,,,,,,,,,,,,,,,X,,,,,,,,,,,,,,,,,
7589,,,,,,,,,,,,,,,X,,,,,,,,,,,,,,,,,
7590,,,,,,,,,,,,,,,X,,,,,,,,,,,,,,,,,
7591,,,,,,,,,,,,,,,X,,,,,,,,,,,,,,,,,
7592,,,,,,,,,,,,,,,X,,,,,,,,,,,,,,,,,
7557,,,,,,,,,,,,,,,,X,,,,,,,,,,,,,,,,
7558,,,,,,,,,,,,,,,,X,,,,,,,,,,,,,,,,
7559,,,,,,,,,,,,,,,,X,,,,,,,,,,,,,,,,
7560,,,,,,,,,,,,,,,,X,,,,,,,,,,,,,,,,
7561,,,,,,,,,,,,,,,,X,,,,,,,,,,,,,,,,
7562,,,,,,,,,,,,,,,,X,,,,,,,,,,,,,,,,
7563,,,,,,,,,,,,,,,,X,,,,,,,,,,,,,,,,
7564,,,,,,,,,,,,,,,,X,,,,,,,,,,,,,,,,
7565,,,,,,,,,,,,,,,,X,,,,,,,,,,,,,,,,
7566,,,,,,,,,,,,,,,,X,,,,,,,,,,,,,,,,
7567,,,,,,,,,,,,,,,,X,,,,,,,,,,,,,,,,
7568,,,,,,,,,,,,,,,,X,,,,,,,,,,,,,,,,
7569,,,,,,,,,,,,,,,,X,,,,,,,,,,,,,,,,
7570,,,,,,,,,,,,,,,,X,,,,,,,,,,,,,,,,
7571,,,,,,,,,,,,,,,,X,,,,,,,,,,,,,,,,
7572,,,,,,,,,,,,,,,,X,,,,,,,,,,,,,,,,
7573,,,,,,,,,,,,,,,,X,,,,,,,,,,,,,,,,
7491,,,,,,,,,,,,,,X,,X,,,,,,,,,,,,,,,,
7492,,,,,,,,,,,,,,X,,X,,,,,,,,,,,,,,,,
7493,,,,,,,,,,,,,,X,,X,,,,,,,,,,,,,,,,
7494,,,,,,,,,,,,,,X,,X,,,,,,,,,,,,,,,,
7495,,,,,,,,,,,,,,X,,X,,,,,,,,,,,,,,,,
7496,,,,,,,,,,,,,,X,,X,,,,,,,,,,,,,,,,
7497,,,,,,,,,,,,,X,,,X,,,,,,,,,,,,,,,,
7498,,,,,,,,,,,,,X,,,X,,,,,,,,,,,,,,,,
7499,,,,,,,,,,,,,X,,,X,,,,,,,,,,,,,,,,
7500,,,,,,,,,,,,,X,,,X,,,,,,,,,,,,,,,,
7501,,,,,,,,,,,,,X,,,X,,,,,,,,,,,,,,,,
7502,,,,,,,,,,,,,X,,,X,,,,,,,,,,,,,,,,
7503,,,,,,,,,,,,,X,,,X,,,,,,,,,,,,,,,,
8237,,,,,,,,X,,,,,,,,X,,,,,,,,,,,,,,,,
8238,,,,,,,,,,,,,,,,X,,,,,,,,,,,,,,,,
7633,,,,,,,,,,,,,,,,X,,,,,,,,,,,,,,,,
7634,,,,,,,,,,,,,,,,X,,,,,,,,,,,,,,,,
8239,,,,,,,,,,,,,,,,X,,,,,,,,,,,,,,,,
8240,,,,,,,,,,,,,,,,X,,,,,,,,,,,,,,,,
8241,,,,,,,,,X,,,,,,,X,,X,,,,,,,,,,,,,,
8242,,,,,,,,,X,,X,,,,,X,,X,,,,,,,,,,,,,,
8243,,,,,,,,,X,,X,,,,,X,,X,,,,,,,,,,,,,,
8244,,X,,X,,X,,,,,,,,,,X,,,,,,,,,,,,,,,,
8245,,X,,X,,X,,,,,,,,,,X,,,,,,,,,,,,,,,,
8246,,X,,X,,X,,,,,,,,,,X,,,,,,,,,,,,,,,,
8247,,X,,X,,X,,,,,,,,,,X,,,,,,,,,,,,,,,,
8248,,,,X,,,,,,,,,,,,X,,,,,,,,,,,,,,,,
8249,,,,X,,,,,,,,,,,,X,,,,,,,,,,,,,,,,
8250,,,,X,,,,,,,,,,,,X,,,,,,,,,,,,,,,,
8251,,,X,,,,,,,,,,,,,X,,,,,,,,,,,,,,,,
8252,,,,,,,,,,,,,,,,X,,,,,,,,,,,,,,,,
8253,,,,,,,,,,,,,,,,X,,,,,,,,,,,,,,,,
8254,,,,,,,,,,,,,,,,X,,,,,,,,,,,,,,,,
7080,,,,,,,,,,,,,,,,,X,,,,,,,,,,,,,,,
7081,,,,,,,,,,,,,,,,,X,,,,,,,,,,,,,,,
7082,,,,,,,,,,,,,,,,,X,,,,,,,,,,,,,,,
7083,,,,,,,,,,,,,,,,,X,,,,,,,,,,,,,,,
7084,,,,,,,,,,,,,,,,,X,,,,,,,,,,,,,,,
7085,,,,,,,,,,,,,,,,,X,,,,,,,,,,,,,,,
7086,,,,,,,,,,,,,,,,,X,,,,,,,,,,,,,,,
8255,,,,,,X,,,,,,,,,,,X,,,,,,,,,,,,,,,
8256,,,,,,X,,,,,,,,X,,,X,,,,,,,,,,,,,,,
8257,,,,,,X,,,,,,,,X,,,X,,,,,,,,,,,,,,,
8258,,,,,,,,,,,,,,,,,X,,,,,,,,,,,,,,,
8259,,,,,,X,,,,,,,,X,,,X,,,,,,,,,,,,,,,
8260,,,,,,X,,,,,,,,X,,,X,,,,,,,,,,,,,,,
8261,,,,,,X,,,,,,,,X,,,X,,,,,,,,,,,,,,,
8262,,X,,,,X,,,,,,,,X,,,X,,,,,,,,,,,,,,,
8263,,X,,,,X,,,,,,,,X,,,X,,,,,,,,,,,,,,,
8264,,X,,,,X,,,,,,,,X,,,X,,,,,,,,,,,,,,,
8265,,X,,,,X,,,,,,,,X,,,X,,,,,,,,,,,,,,,
8266,,X,,,,X,,,,,,,,,,,X,,,,,,,,,,,,,,,
8267,,X,,,,X,,,,,,,,X,,,X,,,,,,,,,,,,,,,
8268,,X,,,,X,,,,,,,,X,,,X,,,,,,,,,,,,,,,
8269,,X,,,,X,,,,,,,,X,,,X,,,,,,,,,,,,,,,
8270,,X,,,,X,,,,,,,,X,,,X,,,,,,,,,,,,,,,
8271,,X,,,,X,,,,,,X,,X,,,X,,,,,,,,,,,,,,,
8272,,X,,,,X,,,,,,X,,X,,,X,,,,,,,,,,,,,,,
8273,,X,,,,X,,,,,,X,,X,,,X,,,,,,,,,,,,,,,
8274,,X,,,,X,,,,,,X,,X,,,X,,,,,,,,,,,,,,,
8275,,X,,,,X,,,,,,X,,X,,,X,,,,,,,,,,,,,,,
8276,,X,,,,X,,,,,,X,,X,,,X,,,,,,,,,,,,,,,
8277,,X,,,,X,,,,,,,,,,,X,,,,,,,,,,,,,,,
8278,,X,,,,X,,,,,,,,,,,X,,,,,,,,,,,,,,,
8279,,X,,,,X,,,,,,,,,,,X,,,,,,,,,,,,,,,
8280,,X,,,,X,,,,,,,,,,,X,,,,,,,,,,,,,,,
7112,,X,,,,X,,,,,,,,,,,X,,,,,,,,,,,,,,,
7113,,X,,,,X,,,,,,,,,,,X,,,,,,,,,,,,,,,
7114,,X,,,,X,,X,,,,,,,,,X,,,,,X,,,,,,,,,,
7115,,X,,,,X,,X,,X,,,,X,,,X,,,,,X,,X,,X,,,,,,X
7360,,X,,X,,X,,X,,,,,,X,,,X,,,,,,,,,,,,,,,
7361,,X,,X,,X,,X,,,,,,X,,,X,,,,,,,,,,,,,,,
7362,,X,,X,,,,X,,,,,,X,,,X,,,,,,,,,,,,,,,
7475,,X,,,,,,,,,,,,,,,X,,,,,,,,,,,,,,,
7615,,,,,,,,,,,,,,,,,X,,,,,,,,,,,,,,,
7616,,,,,,,,,,,,X,,,,,X,,,,,,,,,,,,,,,
7617,,,,,,X,,,,,,X,,,,,X,,,,,,,,,,,,,,,
7618,,,,,,X,,,,,,,,,,,X,,,,,,,,,,,,,,,
7181,,,,,,X,,,,,,X,,,,,X,,,,,,,,,,,,,,,X
7182,,,,,,X,,,,,,X,,,,,X,,,,,,,,,,,,,,,X
7873,,,,,,X,,,,,,,,,,,X,,,,,,,,,,,,,,,
7874,,,,,,X,,,,,,,,,,,X,,,,,,,,,,,,,,,
8281,,,,X,,,,,,,,,,,,,X,,,,,,,,,,,,,,,
8282,,,,X,,,,,,,,,,,,,X,,,,,,,,,,,,,,,
8283,,,,X,,,,,,,,,,,,,X,,,,,,,,,,,,,,,
8209,,,,X,,,,,,,,,,,,,X,,,,,,,,,,,,,,,
8284,,,,X,,,,,,,,,,,,,X,,,,,,,,,,,,,,,
8211,,,,X,,,,,,,,,,,,,X,,,,,,,,,,,,,,,
8285,,,,X,,,,,,,,,,,,,X,,,,,,,,,,,,,,,
8286,,,,X,,,,,,,,,,,,,X,,,,,,,,,,,,,,,
8287,,X,,X,,,,X,,,,X,,X,,,X,,,,,,,,,,,,,,,
8288,,X,,,,,,X,,X,,X,,X,,,X,,,,,,,,,,,,,,,
8290,,,,,,,,,,,,,,,,,X,,,,,,,,,,,,,,,
8291,,X,,,,,,X,,X,,X,,X,,,X,,,,,,,,,,,,,,,
8292,,,,,,,,,,,,,,,,,X,,,,,,,,,,,,,,,
8293,,,,,,,,,,,,,,,,,X,,,,,,,,,,,,,,,
8294,,,,,,,,,,,,,,,,,,X,,,,,,,,,,,,,,
8295,,,,,,,,,,,,,,,,,,X,,,,,,,,,,,,,,
8296,,,,,,,,,,,,,,,,,,X,,,,,,,,,,,,,,
8297,X,,X,,X,,X,,X,,X,,X,,,,,X,,,,,,,,,,,,,,
8298,X,,,,X,,X,,X,,X,,X,,,,,X,,,,,,,,,,,,,,
8299,X,,,,,,X,,,,X,,X,,,,,X,,,,,,,,,,,,,,
8300,X,,,,,,X,,,,X,,X,,,,,X,,,,,,,,,,,,,,
8301,,,,,,,,,,,,,,,,,,X,,,,,,,,,,,,,,
8302,,,X,,,,,,,,,,,,,,,X,,,,,,,,,,,,,,
8010,,,X,,,,,,,,,,,,,,,X,,,,,,,,,,,,,,
8303,,,X,,,,,,,,,,,,,,,X,,,,,,,,,,,,,,
8011,,,X,,,,,,,,,,,,,,,X,,,,,,,,,,,,,,
8012,,,X,,,,,,,,,,,,,,,X,,,,,,,,,,,,,,
8304,,,X,,,,,,,,,,,,,,,X,,,,,,,,,,,,,,
8305,,,X,,,,,,,,,,,,,,,X,,,,,,,,,,,,,,
8000,,,X,,X,,,,,,,,,,,,,X,,,,,,,,,,,,,,
8001,,,X,,X,,,,,,,,,,,,,X,,,,,,,,,,,,,,
7183,,,,,X,,,,,,X,,,,,,,X,,,,,,,,,,,,,X,
7184,,,,,X,,,,,,X,,,,,,,X,,,,,,,,,,,,,X,
7185,,,,,X,,,,,,X,,,,,,,X,,,,,,,,,,,,,X,
7663,,,,,X,,,,,,X,,,,,,,X,,,,,,,,,,,,,,
7664,,,,,X,,,,,,X,,,,,,,X,,,,,,,,,,,,,,
7531,X,,X,,,,X,,,,,,X,,,,,X,,,,,,,,,,,,,,
7532,X,,X,,,,X,,,,,,X,,,,,X,,,,,,,,,,,,,,
7533,X,,X,,,,X,,,,,,X,,,,,X,,,,,,,,,,,,,,
7534,X,,X,,,,X,,,,,,X,,,,,X,,,,,,,,,,,,,,
7535,X,,X,,,,X,,,,,,X,,,,,X,,,,,,,,,,,,,,
7434,X,,X,,X,,X,,X,,,,,,,,,X,,,,,,,,,,,,,,
7435,X,,X,,X,,X,,X,,,,,,,,,X,,,,,,,,,,,,,,
7574,X,,,,X,,X,,,,,,,,,,,X,,,,,,,,,,,,,,
8306,X,,,,X,,,,,,,,,,,,,X,,,,,,,X,,,,,,,
8307,X,,,,X,,,,,,,,,,,,,X,,,,,,,,,,,,,,
8308,X,,,,X,,,,,,,,,,,,,X,,,,,,,,,,,,,,
8309,X,,,,,,,,,,,,,,,,,X,,,,,,,,,,,,,,
7968,,,,,,,,,,,,,,,,,,X,,,,,,,,,,,,,,
7969,,,,,,,,,,,,,,,,,,X,,,,,,,,,,,,,,
8310,X,,,,,,,,,,,,,,,,,X,,,,,,,,,,,,,,
8311,X,,,,,,,,,,,,,,,,,X,,,,,,,,,,,,,,
8312,X,,,,X,,,,,,,,X,,,,,X,,,,,,,,,,,,,,
8313,X,,,,X,,,,,,,,X,,,,,X,,,,,,,,,,,,,,
8314,X,,,,X,,,,,,,,X,,,,,X,,,,,,,,,,,,,,
8315,X,,,,X,,,,,,,,X,,,,,X,,,,,,,,,,,,,,
8316,X,,,,X,,,,,,,,X,,,,,X,,,,,,,,,,,,,,
8317,X,,,,,,,,,,,,X,,,,,X,,,,,,,,,,,,,,
8318,X,,,,,,,,,,,,X,,,,,X,,,,,,,,,,,,,,
8319,X,,,,,,,,,,,,,,,,,X,,,,,,,,,,,,,,
8320,X,,,,,,,,,,,,,,,,,X,,,,,,,,,,,,,,
8321,X,,,,X,,,,,,,,X,,,,,X,,,,,,,,,,,,,,
8322,X,,,,X,,,,,,,,X,,,,,X,,,,,,,,,,,,,,
8323,X,,,,X,,,,,,,,X,,,,,X,,,,,,,,,,,,,,
8324,,,,,X,,,,,,,,X,,,,,X,,,,,,,,,,,,,,
8325,,,,,X,,,,,,,,X,,,,,X,,,,,,,,,,,,,,
8326,,,,,X,,,,,,,,X,,,,,X,,,,,,,,,,,,,,
8327,,,,,X,,,,,,,,X,,,,,X,,,,,,,,,,,,,,
8328,,,,,,,,,,,,,,,,,,X,,,,,,,,,,,,,,
8329,,,,,X,,,,,,,,,,,,,X,,,,,,,,,,,,,,
8330,,,,,X,,,,,,,,,,,,,X,,,,,,,,,,,,,,
8331,,,,,X,,,,,,,,,,,,,X,,,,,,,,,,,,,,
7065,,,,,,,,,,,,,,,,,,X,,,,,,,,,,,,,,
7066,,,,,,,,,,,,,,,,,,X,,,,,,,,,,,,,,
7067,,,,,,,,,,,,,,,,,,X,,,,,,,,,,,,,,
7068,,,,,,,,,,,,,,,,,,X,,,,,,,,,,,,,,
7069,,,,,,,,,,,,,,,,,,X,,,,,,,,,,,,,,
7070,,,,,,,,,,,,,,,,,,X,,,,,,,,,,,,,,
7071,,,,,,,,,,,,,,,,,,X,,,,,,,,,,,,,,
8332,X,,,,,,,,,,,,,,,,,,,,,,,,,,,,,,,
8333,X,,,,,,,,,,,,,,,,,,,,,,,,,,,,,,,
8334,X,,,,,,,,,,,,,,,,,,,,,,,,,,,,,,,
8335,X,,,,,,,,,,,,,,,,,,,,,,,,,,,,,,,
8336,X,,,,,,,,,,,,,,,,,,,,,,,,,,,,,,,
8337,X,,,,,,X,X,,,,,,,,,,,,,,,,,,,,,,,,
8338,X,,,,,,,,,,,,,,,,,,,,,,,,,,,,,,,
8339,X,,,,,,,,,,,,,,,,,,,,,,,,,,,,,,,
8340,X,,,,,,,,,,,,,,,,,,,,,,,,,,,,,,,
8341,X,,,,,,,X,,,,,,,,,,,,,,,,,,,,,,,,
8342,X,,,,X,,,,,,,,,,,,,,,,,,,,,,,,,,,
8343,X,,,,X,,,,,,,,,,,,,,,,,,,,,,,,,,,
8344,X,,,,X,,,,,,,,,,,,,,,,,,,,,,,,,,,
8345,X,,,,,,X,,,,X,,X,,,,,,,,,,,,,,,,,,,
8346,X,,,,,,X,,X,,X,,X,,,,,,,,,,,,,,,,,,,
7525,X,,,,,,X,,X,,X,,X,,,,,,,,,,,,,,,,,,,
7526,X,,,,,,X,,X,,X,,X,,,,,,,,,,,,,,,,,,,
7527,X,,,,,,X,,X,,X,,X,,,,,,,,,,,,,,,,,,,
7528,X,,,,,,X,,X,,,,X,,,,,,,,,,,,,,,,,,,
7529,X,,,,,,X,,X,,,,X,,,,,,,,,,,,,,,,,,,
7530,X,,,,,,X,,,,,,X,,,,,,,,,,,,,,,,,,,
8347,X,,,,,,,,,,,,,,,,,,,,,,,,,,,,,,,
8348,X,,,,,,,,,,,,,,,,,,,,,,,,,,,,,,,
8349,,X,,,,,,,,,,,,,,,,,,,,,,,,,,,,,,
8350,,X,,,,,,,,,,,,,,,,,,,,,,,,,,,,,,
8351,,X,,,,,,,,,,,,,,,,,,,,,,,,,,,,,,
8352,,X,,,,,,,,,,,,,,,,,,,,,,,,,,,,,,
7476,,X,,X,,,,X,,,,,,X,,,,,,,,,,,,,,,,,,
7477,,X,,,,,,X,,X,,,,X,,,,,,,,,,,,,,,,,,
7478,,X,,,,,,X,,X,,,,X,,,,,,,,,,,,,,,,,,
7479,,X,,,,,,X,,X,,X,,X,,,,,,,,,,,,,,,,,,
7480,,X,,,,,,X,,X,,X,,X,,,,,,,,,,,,,,,,,,
8353,,X,,,,,,X,,,,X,,X,,,,,,,,,,,,,,,,,,
8354,,X,,,,,,X,,,,X,,X,,,,,,,,,,,,,,,,,,
8355,,X,,,,,,X,,,,X,,X,,,,,,,,,,,,,,,,,,
8356,,X,,,,,,X,,X,,X,,X,,,,,,,,,,,,,,,,,,
8357,,X,,,,X,,,,,,,,,,,,,,,,,,,,,,,,,,
8358,,X,,,,X,,,,,,,,,,,,,,,,,,,,,,,,,,
8359,,X,,,,X,,,,,,,,,,,,,,,,,,,,,,,,,,
8360,,X,,,,X,,,,,,,,,,,,,,,,,,,,,,,,,,
8361,,X,,,,,X,,,,,,,,,,,,,,,,,,,,,,,,,
8362,,X,,,,,X,,,,,,,,,,,,,,,,,,,,,,,,,
8363,,X,,,,,,,,,,,,,,,,,,,,,,,,,,,,,,
8364,,X,,,,,,,,,,,,,,,,,,,,,,,,,,,,,,
8365,,X,,,,,X,X,,,,,,,,,,,,,,,,,,,,,,,,
8366,,X,,,,,X,,,,,,,,,,,,,,,,,,,,,,,,,
8367,,X,,,,,,,,,,,,,,,,,,,,,,,,,,,,,,
8368,,X,,,,,,,,,,,,,,,,,,,,,,,,,,,,,,
8369,,X,,,,,,,,,,,,,,,,,,,,,,,,,,,,,,
8370,,,X,,,,,,,,,,,,,,,,,,,,,,,,,,,,,
8371,,,X,,,,,,,,,,,,,,,,,,,,,,,,,,,,,
8372,,,X,,,,,,,,,,,,,,,,,,,,,,,,,,,,,
8373,,,X,,,,,,,,,,,,,,,,,,,,,,,,,,,,,
8374,,,X,,,,,,,,,,,,,,,,,,,,,,,,,,,,,
8375,,,X,,,,,,,,,,,,,,,,,,,,,,,,,,,,,
8376,,,X,,,,,,,,,,,,,,,,,,,,,,,,,,,,,
8377,,,X,,,,,,,,,,,,,,,,,,,,,,,,,,,,,
8378,,,X,,,,,,,,,,,,,,,,,,,,,,,,,,,,,
8379,,,X,,,,,,,,,,,,,,,,,,,,,,,,,,,,,
8380,,,X,,,,,,,,,,,,,,,,,,,,,,,,,,,,,
8381,,,X,,,,,,,,,,,,,,,,,,,,,,,,,,,,,
8382,,,X,,,,,,,,,,,,,,,,,,,,,,,,,,,,,
8383,,,X,,,,,,,,,,,,,,,,,,,,,,,,,,,,,
8384,,,X,,,,,,,,,,,,,,,,,,,,,,,,,,,,,
8385,,,X,,,,,,,,,,,,,,,,,,,,,,,,,,,,,
8386,,,X,,,,,,,,,,,,,,,,,,,,,,,,,,,,,
8387,,,X,,,,,,,,,,,,,,,,,,,,,,,,,,,,,
8388,,,X,,,,,,,,,,,,,,,,,,,,,,,,,,,,,
8389,,,X,,,,,,,,,,,,,,,,,,,,,,,,,,,,,
7619,,,X,,,,,,,,,X,,,,,,,,,,,,,,,,,,,,
8390,,,X,,,,,,,,,,,,,,,,,,,,,,,,,,,,,
8391,,,X,,,,,,,,,,,,,,,,,,,,,,,,,,,,,
8392,,,X,,,,,,,,,,,,,,,,,,,,,,,,,,,,,
8393,,,X,,,,,,,,,,,,,,,,,,,,,,,,,,,,,
8394,,,X,,,,,,,,,,,,,,,,,,,,,,,,,,,,,
8395,,,X,,,,,,,,,,,,,,,,,,,,,,,,,,,,,
8396,,,X,,,,,,,,,,,,,,,,,,,,,,,,,,,,,
7045,,,X,,,,,,,,,X,,,,,,,,,X,,,,,,,X,,,,
7046,,,X,,,,,,,,,X,,,,,,,,,X,,,,,,,X,,,,
7849,,,X,,,,,,,,,,,,,,,,,,,,,,,,,X,,,,
7819,,,X,,,,,,,,,,,,,,,,,,,,,,,,,X,,,,
7922,,,X,,,,,,,,,,,,,,,,,,,,,,,,,X,,,,
7923,,,X,,,,,,,,,,,,,,,,,,,,,,,,,X,,,,
7924,,,X,,,,,,,,,,,,,,,,,,,,,,,,,,,,,
7302,,,,X,,,,,,,,,,,,,,,,,,,,,,,X,,,,,
7303,,,,X,,,,,,,,,,,,,,,,,,,,,,,X,,,,,
7304,,,,X,,,,,,,,,,,,,,,,,,,,,,,X,,,,,
7305,,,,X,,,,,,,,,,,,,,,,,,,,,,,X,,,,,
7306,,,,X,,,,,,,,,,,,,,,,,,,,,,,X,,,,,
8397,,,,X,,,,,,,,,,,,,,,X,,,,X,,,,X,,,,,
7475,,,,X,,,,X,,,,,,X,,,,,,,,,,,,,,,,,,
8398,,,,X,,,,,,,,,,,,,,,,,,,,,,,,,,,,
8399,,,,X,,,,,,,,,,,,,,,,,,,,,,,,,,,,
8400,,,,X,,,,,,,,,,,,,,,,,,,,,,,,,,,,
8401,,,,X,,,,,,,,,,,,,,,,,,,,,,,,,,,,
8402,,,,X,,,,,,,,,,,,,,,,,,,,,,,,,,,,
8210,,,,X,,,,,,,,,,,,,,,,,,,,,,,,,,,,
8405,,,,X,,,,,,,,,,,,,,,,,,,,,,,,,,,,
8406,,,,X,,,,,,,,,,,,,,,,,,,,,,,,,,,,
8407,,,,X,,,,,,,,,,,,,,,,,,,,,,,,,,,,
8408,,,,X,,,,,,,,,,,,,,,,,,,,,,,,,,,,
8409,,,,X,,,,,,,,,,,,,,,,,,,,,,,,,,,,
8410,,,,X,,,,,,,,,,,,,,,,,,,,,,,,,,,,
8411,,,,X,,,,,,,,,,,,,,,,,,,,,,,,,,,,
8412,,,,X,,,,,,,,,,,,,,,,,,,,,,,,,,,,
8413,,,,X,,,,,,,,,,,,,,,,,,,,,,,,,,,,
8414,,,,X,,,,,,,,,,,,,,,,,,,,,,,,,,,,
8415,,,,X,,,,,,,,,,,,,,,,,,,,,,,,,,,,
8416,,,,X,,,,,,,,,,,,,,,,,,,,,,,,,,,,
8417,,,,X,,,,,,,,,,,,,,,,,,,,,,,,,,,,
8418,,,,X,,,,,,,,,,,,,,,,,,,,,,,,,,,,
8419,,,,X,,,,,,,,,,,,,,,,,,,,,,,,,,,,
8420,,,,X,,,,,,,,,,,,,,,,,,,,,,,,,,,,
8421,,,,,X,,,,,,,,,,,,,,,,,,,,,,,,,,,
8422,,,,,X,,,,,,,,,,,,,,,,,,,,,,,,,,,
8423,,,,,X,,,,,,,,,,,,,,,,,,,,,,,,,,,
8424,,,,,X,,,,,,,,,,,,,,,,,,,,,,,,,,,
8425,,,,,X,,,,,,,,,,,,,,,,,,,,,,,,,,,
8426,,,,,X,,,,,,,,,,,,,,,,,,,,,,,,,,,
8427,,,,,X,,,,,,,,,,,,,,,,,,,,,,,,,,,
8428,,,,,X,,,,,,,,,,,,,,,,,,,,,,,,,,,
7999,,,,,X,,,,,,,,,,,,,,,,,,,,,,,,,,,
7665,,,,,X,,,,X,,X,,,,,,,,,,,,,,,,,,,,,
7666,,,,,X,,,,X,,X,,,,,,,,,,,,,,,,,,,,,
7667,,,,,X,,,,X,,X,,,,,,,,,,,,,,,,,,,,,
8429,,,,,X,,,,X,,X,,,,,,,,,,,,,,,,,,,,X,
8430,,,,,X,,,,X,,X,,,,,,,,,,,,,,,,,,,,X,
7307,,,,,X,,,,X,,,,,,,,,,,,,,,,,,,,,,X,
8431,,,,,X,,,,,,,,,,,,,,,,,,,,,,,,,,,
8432,,,,,X,,,,,,,,,,,,,,,,,,,,,,,,,,,
8433,,,,,X,,,,,,,,,,,,,,,,,,,,,,,,,,,
8434,,,,,X,,,,,,,,,,,,,,,,,,,,,,,,,,,
8435,,,,,X,,,,,,,,,,,,,,,,,,,,,,,,,,,
8436,,,,,X,,,,,,,,,,,,,,,,,,,,,,,,,,,
8437,,,,,X,,,,,,,,,,,,,,,,,,,,,,,,,,,
8438,,,,,X,,,,,,,,,,,,,,,,,,,,,,,,,,,
8439,,,,,X,,,,,,,,,,,,,,,,,,,,,,,,,,,
7194,,,,,X,,,,,,,,,,,,,,,,,,,,,,,,,,,
7195,,,,,X,,,,,,,,,,,,,,,,,,,,,,,,,,,
7196,,,,,X,,,,,,,,,,,,,,,,,,,,,,,,,,,
7197,,,,,X,,,,,,,,,,,,,,,,,,,,,,,,,,,
7198,,,,,X,,,,,,,,,,,,,,,,,,,,,,,,,,,
8440,,,,,X,,,,,,,,,,,,,,,,,,,,,,,,,,,
8441,,,,,X,,,,,,,,,,,,,,,,,,,,,,,,,,,
8442,,,,,X,,,,,,,,,,,,,,,,,,,,,,,,,,,
8443,,,,,X,,,,,,,,,,,,,,,,,,,,,,,,,,,
7200,,,,,X,,,,,,,,,,,,,,,,,,,,,,,,,,,
7201,,,,,X,,,,,,,,,,,,,,,,,,,,,,,,,,,
7202,,,,,X,,,,,,,,,,,,,,,,,,,,,,,,,,,
7203,,,,,X,,,,,,,,,,,,,,,,,,,,,,,,,,,
7204,,,,,X,,,,,,,,,,,,,,,,,,,,,,,,,,,
7205,,,,,X,,,,,,,,,,,,,,,,,,,,,,,,,,,
7206,,,,,X,,,,,,,,,,,,,,,,,,,,,,,,,,,
7207,,,,,X,,,,,,,,,,,,,,,,,,,,,,,,,,,
7208,,,,,X,,,,,,,,,,,,,,,,,,,,,,,,,,,
8444,,,,,X,,,,,,,,,,,,,,,,,,,,,,,,,,,
8445,,,,,X,,,,,,,,,,,,,,,,,,,,,,,,,,,
8446,,,,,X,,,,,,,,,,,,,,,,,,,,,,,,,,,
8447,,,,,X,,,,,,,,,,,,,,,,,,,,,,,,,,,
8448,,,,,X,,,,,,,,,,,,,,,,,,,,,,,,,,,
8449,,,,,,X,,,,,,,,,,,,,,,,,,,,,,,,,,
8450,,,,,,X,,,,,,,,,,,,,,,,,,,,,,,,,,
8451,,,,,,X,,,,,,,,,,,,,,,,,,,,,,,,,,
8452,,,,,,X,,,,,,,,,,,,,,,,,,,,,,,,,,
8453,,,,,,X,,,,,,,,,,,,,,,,,,,,,,,,,,
7159,,,,,,X,,,,,,,,,,,,,,,,,,,,,,,,,,
7160,,,,,,X,,,,,,,,,,,,,,,,,,,,,,,,,,
7161,,,,,,X,,,,,,,,,,,,,,,,,,,,,,,,,,
7162,,,,,,X,,,,,,,,,,,,,,,,,,,,,,,,,,
7163,,,,,,X,,,,,,,,,,,,,,,,,,,,,,,,,,
7164,,,,,,X,,,,,,,,,,,,,,,,,,,,,,,,,,
7165,,,,,,X,,,,,,,,,,,,,,,,,,,,,,,,,,
8454,,,,,,X,,,,,,,,,,,,,,,,,,,,,,,,,,
8455,,,,,,X,,,,,,,,,,,,,,,,,,,,,,,,,,
8456,,,,,,X,,,,,,,,,,,,,,,,,,,,,,,,,,
8457,,,,,,X,,,,,,,,,,,,,,,,,,,,,,,,,,
8458,,,,,,X,,,,,,,,,,,,,,,,,,,,,,,,,,
8459,,,,,,X,,,,,,,,,,,,,,,,,,,,,,,,,,
7168,,,,,,X,,,,,,,,,,,,,,,,,,,,,,,,,,
7169,,,,,,X,,,,,,,,,,,,,,,,,,,,,,,,,,
7170,,,,,,X,,,,,,,,,,,,,,,,,,,,,,,,,,
8460,,,,,,X,,,,,,,,,,,,,,,,,,,,,,,,,,
8461,,,,,,X,,,,,,,,X,,,,,,,,,,,,,,,,,,
8462,,,,,,X,,,,,,,,X,,,,,,,,,,,,,,,,,,
8463,,,,,,X,,,,,,,,,,,,,,,,,,,,,,,,,,
8464,,,,,,X,,,,,,,,,,,,,,,,,,,,,,,,,,
8465,,,,,,X,,,,,,X,,,,,,,,,,,,,,,,,,,,
7875,,,,,,X,,,,,,,,,,,,,,,,,,,,,,,,,,
7876,,,,,,X,,,,,,,,,,,,,,,,,,,,,,,,,,
8466,,,,,,X,,,,,,,,,,,,,,,,,,,,,,,,,,
8467,,,,,,X,,,,,,,,,,,,,,,,,,,,,,,,,,
8468,,,,,,X,,,,,,,,,,,,,,,,,,,,,,,,,,
8469,,,,,,X,,,,,,,,,,,,,,,,,,,,,,,,,,
8470,,,,,,X,,,,,,,,,,,,,,,,,,,,,,,,,,
8471,,,,,,X,,,,,,,,,,,,,,,,,,,,,,,,,,
8472,,,,,,X,,,,,,,,,,,,,,,,,,,,,,,,,,
8473,,,,,,X,,,,,,,,,,,,,,,,,,,,,,,,,,
8474,,,,,,X,,,,,,,,,,,,,,,,,,,,,,,,,,
8475,,,,,,X,,,,,,,,,,,,,,,,,,,,,,,,,,
8476,,,,,,,X,,,,,,,,,,,,,,,,,,,,,,,,,
8477,,,,,,,X,,,,,,,,,,,,,,,,,,,,,,,,,
8478,,,,,,,X,,,,,,,,,,,,,,,,,,,,,,,,,
8479,,,,,,,X,,,,,,,,,,,,,,,,,,,,,,,,,
8480,,,,,,,X,,,,,,,,,,,,,,,,,,,,,,,,,
8481,,,,,,,X,,,,,,,,,,,,,,,,,,,,,,,,,
8482,,,,,,,X,,,,,,,,,,,,,,,,,,,,,,,,,
8483,,,,,,,X,,,,,,,,,,,,,,,,,,,,,,,,,
8484,,,,,,,X,X,,,,,,,,,,,,,,,,,,,,,,,,
8485,,,,,,,X,X,,,,,,,,,,,,,,,,,,,,,,,,
8486,,,,,,,X,,,,,,,,,,,,,,,,,,,,,,,,,
8487,,,,,,,X,,,,,,,,,,,,,,,,,,,,,,,,,
8488,,,,,,,X,,,,,,,,,,,,,,,,,,,,,,,,,
8489,,,,,,,X,,,,,,,,,,,,,,,,,,,,,,,,,
8490,,,,,,,X,,,,,,,,,,,,,,,,,,,,,,,,,
8491,,,,,,,X,,,,,,,,,,,,,,,,,,,,,,,,,
7637,,,,,,,X,,,,,X,,,,,,,,,,,,,,,,,,,,
7638,,,,,,,X,,,,,X,,,,,,,,,,,,,,,,,,,,
7639,,,,,,,X,,,,,X,,,,,,,,,,,,,,,,,,,,
8492,,,,,,,X,,,,,,,,,,,,,,,,,,,,,,,,,
8493,,,,,,,X,,,,,,,,,,,,,,,,,,,,,,,,,
8494,,,,,,,X,,,,,,,,,,,,,,,,,,,,,,,,,
8495,,,,,,,X,,,,,,,,,,,,,,,,,,,,,,,,,
8496,,,,,,,X,,,,,,,,,,,,,,,,,,,,,,,,,
7653,,,,,,,X,,,,,,X,,,,,,,,,,,,,,,,,,,
7654,,,,,,,X,,,,,,X,,,,,,,,,,,,,,,,,,,
8497,,,,,,,X,,,,,,X,,,,,,,,,,,,,,,,,,,
8498,,,,,,,X,,,,,,X,,,,,,,,,,,,,,,,,,,
8499,,,,,,,X,,,,,,,,,,,,,,,,,,,,,,,,,
8500,,,,,,,X,,,,,,,,,,,,,,,,,,,,,,,,,
8501,,,,,,,X,,,,,,,,,,,,,,,,,,,,,,,,,
8502,,,,,,,X,,,,,,,,,,,,,,,,,,,,,,,,,
7575,,,,,,,,X,,,,,,,,,,,,,,,,,,,,,,,,
8503,,,,,,,,X,,,,X,,X,,,,,,,,,,,,,,,,,,
8504,,,,,,,,X,,,,,,,,,,,,,,,,,,,,,,,,
8505,,,,,,,,X,,,,,,,,,,,,,,,,,,,,,,,,
8506,,,,,,,,X,,,,,,,,,,,,,,,,,,,,,,,,
8507,,,,,,,,X,,,,,,,,,,,,,,,,,,,,,,,,
8508,,,,,,,,X,,,,,,,,,,,,,,,,,,,,,,,,
8509,,,,,,,,X,,,,,,,,,,,,,,,,,,,,,,,,
8510,,,,,,,,X,,,,,,,,,,,,,,,,,,,,,,,,
8511,,,,,,,,X,,,,,,,,,,,,,,,,,,,,,,,,
8512,,,,,,,,X,,,,,,,,,,,,,,,,,,,,,,,,
8513,,,,,,,,X,,,,,,,,,,,,,,,,,,,,,,,,
8514,,,,,,,,X,,,,,,,,,,,,,,,,,,,,,,,,
8515,,,,,,,,X,,,,,,,,,,,,,,,,,,,,,,,,
8516,,,,,,,,X,,,,,,,,,,,,,,,,,,,,,,,,
8517,,,,,,,,X,,,,,,,,,,,,,,,,,,,,,,,,
8518,,,,,,,,X,,,,,,,,,,,,,,,,,,,,,,,,
7643,,,,,,,,X,,,X,,,,,,,,,,,,,,,,,,,,,
7644,,,,,,,,X,,,X,,,,,,,,,,,,,,,,,,,,,
7645,,,,,,,,X,,,X,,,,,,,,,,,,,,,,,,,,,
8519,,,,,,,,X,,,,,,,,,,,,,,,,,,,,,,,,
8520,,,,,,,,X,,,,,,,,,,,,,,,,,,,,,,,,
8521,,,,,,,,X,,,,,,,,,,,,,,,,,,,,,,,,
8522,,,,,,,,X,,,,,,,,,,,,,,,,,,,,,,,,
8523,,,,,,,,X,,,,,,,,,,,,,,,,,,,,,,,,
8524,,,,,,,,X,,,,,,,,,,,,,,,,,,,,,,,,
8525,,,,,,,,X,,,,,,,,,,,,,,,,,,,,,,,,
8526,,,,,,,,X,,,,,,,,,,,,,,,,,,,,,,,,
8527,,,,,,,,X,,,,,,,,,,,,,,,,,,,,,,,,
8528,,,,,,,,X,,,,,,,,,,,,,,,,,,,,,,,,
8529,,,,,,,,X,,,,,,,,,,,,,,,,,,,,,,,,
8530,,,,,,,,X,,,,,,,,,,,,,,,,,,,,,,,,
8531,,,,,,,,X,,,,,,,,,,,,,,,,,,,,,,,,
8532,,,,,,,,X,,,,,,,,,,,,,,,,,,,,,,,,
8533,,,,,,,,X,,,,,,,,,,,,,,,,,,,,,,,,
8534,,X,,,,,,X,,,,,,,,,,,,,,,,,,,,,,,,
8535,,,,,,,,,X,X,,,,,,,,,,,,,,,,,,,,,,
8536,,,,,,,,,X,,,,,,,,,,,,,,,,,,,,,,,
8537,,,,,,,,,X,,,,,,,,,,,,,,,,,,,,,,,
8538,,,,,,,,,X,,,,,,,,,,,,,,,,,,,,,,,
8539,,,,,,,,,X,,,,,,,,,,,,,,,,,,,,,,,
8540,,,,,,,,,X,,,,,,,,,,,,,,,,,,,,,,,
8541,,,,,,,,,X,,,,,,,,,,,,,,,,,,,,,,,
8542,,,,,,,,,X,,,,,,,,,,,,,,,,,,,,,,,
8543,,,,,,,,,X,,,,,,,,,,,,,,,,,,,,,,,
8544,,,,,,,,,X,,,,,,,,,,,,,,,,,,,,,,,
8545,,,,,,,,,X,,,,,,,,,,,,,,,,,,,,,,,
8546,,,,,,,,,X,,,,,,,,,,,,,,,,,,,,,,,
7836,,,,,,,,,X,,,,,,,,,,,,,,,,,,,,,,,
8547,,,,,,,,,X,,,,,,,,,,,,,,,,,,,,,,,
8548,,,,,,,,,X,,,,,,,,,,,,,,,,,,,,,,,
7840,,,,,,,,,X,,,,,,,,,,,,,,,,,,,,,,,
8549,,,,,,,,,X,,,,,,,,,,,,,,,,,,,,,,,
7841,,,,,,,,,X,,,,,,,,,,,,,,,,,,,,,,,
7842,,,,,,,,,X,,,,,,,,,,,,,,,,,,,,,,,
8550,,,,,,,,,X,,,,,,,,,,,,,,,,,,,,,,,
8551,,,,,,,,,,X,,,,X,,,,,,,,,,X,,X,,,,,,X
7172,,,,,,,,,,X,,,,,,,,,,,,,,,,X,,,,,,X
7173,,,,,,,,,,X,,,,,,,,,,,,,,,,X,,,,,,X
7174,,,,,,,,,,X,,,,,,,,,,,,,,,,X,,,,,,X
8552,,,,,,,,,,X,,X,,,,,,,,,,,,,,,,,,,,
8553,,,,,,,,,,X,,,,,,,,,,,,,,,,,,,,,,
8554,,,,,,,,,,X,,,,,,,,,,,,,,,,,,,,,,
7481,,,,,,,,,,X,,,,,,,,,,,,,,,,,,,,,,
8555,,,,,,,,,,X,,,,,,,,,,,,,,,,,,,,,,
7828,,,,,,,,,,X,,,,,,,,,,,,,,,,,,,,,,
7829,,,,,,,,,,X,,,,,,,,,,,,,,,,,,,,,,
7830,,,,,,,,,,X,,,,,,,,,,,,,,,,,,,,,,
8556,,,,,,,,,,X,,,,,,,,,,,,,,,,,,,,,,
8557,,,,,,,,,,X,,,,,,,,,,,,,,,,,,,,,,
8558,,,,,,,,,,X,,,,,,,,,,,,,,,,,,,,,,
8559,,,,,,,,,,X,,,,,,,,,,,,,,,,,,,,,,
8560,,,,,,,,,,X,,,,,,,,,,,,,,,,,,,,,,
8561,,,,,,,,,,X,,,,,,,,,,,,,,,,,,,,,,
8562,,,,,,,,,,X,,,,,,,,,,,,,,,,,,,,,,
8563,,,,,,,,,,X,,,,,,,,,,,,,,,,,,,,,,
8564,,,,,,,,,,X,,,,,,,,,,,,,,,,,,,,,,
8565,,,,,,,,,,X,,,,,,,,,,,,,,,,,,,,,,
8566,,,,,,,,,,X,,,,,,,,,,,,,,,,,,,,,,
7641,,,,,,,,,,,X,,,,,,,,,,,,,,,,,,,,,
7642,,,,,,,,,,,X,,,,,,,,,,,,,,,,,,,,,
7646,,,,,,,,,,,X,,,,,,,,,,,,,,,,,,,,,
8567,,,,,,,,,,,X,,,,,,,,,,,,,,,,,,,,,
8568,,,,,,,,,,,X,,,,,,,,,,,,,,,,,,,,,
8569,,,,,,,,,,,X,,,,,,,,,,,,,,,,,,,,,
8570,,,,,,,,,,,X,,,,,,,,,,,,,,,,,,,,,
7662,,,,,,,,,,,X,,,,,,,,,,,,,,,,,,,,,
8571,,,,,,,,,,,X,,,,,,,,,,,,,,,,,,,,,
8572,,,,,,,,,,,X,,X,,,,,,,,,,,,,,,,,,,
7308,,,,,,,,,,,X,,X,,,,,,,,,,,,,,,,,,X,
8573,,,,,,,,,,,X,,X,,,,,,X,,,,X,,,,X,,,,,
7309,,,,,,,,,,,X,,X,,,,,,X,,,,X,,,,X,,,,X,
8574,,,,,,,,,,,X,,X,,,,,,,,,,X,,,,,,,,X,
7900,,,,,,,,,,,X,,X,,,,,,,,,,X,,,,,,,,X,
7901,,,,,,,,,,,X,,X,,,,,,,,,,,,,,,,,,,
7902,,,,,,,,,,,X,,X,,,,,,,,,,,,,,,,,,,
8575,,,,,,,,,,,X,,X,,,,,,,,,,,,,,,,,,,
8576,,,,,,,,,,,X,,X,,,,,,,,,,,,,,,,,,,
8577,,,,,,,,,,,X,,X,,,,,,,,,,,,,,,,,,,
8578,,,,,,,,,,,X,,X,,,,,,,,,,,,,,,,,,,
8579,,,,,,,,,,,X,,X,,,,,,,,,,,,,,,,,,,
8580,,,,,,,,,,,X,,X,,,,,,,,,,,,,,,,,,,
8156,,,,,,,,,,,X,,,,,,,,,,,,,,,,,,,,,
8157,,,,,,,,,,,X,,,,,,,,,,,,,,,,,,,,,
8158,,,,,,,,,,,X,,,,,,,,,,,,,,,,,,,,,
8159,,,,,,,,,,,X,,,,,,,,,,,,,,,,,,,,,
8160,,,,,,,,,,,X,,,,,,,,,,,,,,,,,,,,,
8161,,,,,,,,,,,X,,,,,,,,,,,,,,,,,,,,,
8581,,,,,,,,,,,X,,,,,,,,,,,,,,,,,,,,,
8067,,,,,,,,,,,,X,,,,,,,,,,,,,,,,,,,,
8068,,,,,,,,,,,,X,,,,,,,,,,,,,,,,,,,,
8069,,,,,,,,,,,,X,,,,,,,,,,,,,,,,,,,,
8070,,,,,,,,,,,,X,,,,,,,,,,,,,,,,,,,,
8582,,,,,,,,,,,,X,,,,,,,,,,,,,,,,,,,,
8583,,,,,,,,,,,,X,,,,,,,,,,,,,,,,,,,,
8584,,,,,,,,,,,,X,,,,,,,,,,,,,,,,,,,,
8585,,,,,,,,,,,,X,,,,,,,,,,,,,,,,,,,,
8586,,,,,,,,,,,,X,,X,,,,,,,,,,,,,,,,,,
8587,,,,,,,,,,,,X,,X,,,,,,,,,,,,,,,,,,
7972,,,,,,,,,,,,X,,X,,,,,,,,,,,,,,,,,,
7973,,,,,,,,,,,,X,,X,,,,,,,,,,,,,,,,,,
7974,,,,,,,,,,,,X,,X,,,,,,,,,,,,,,,,,,
7975,,,,,,,,,,,,X,,X,,,,,,,,,,,,,,,,,,
7976,,,,,,,,,,,,X,,X,,,,,,,,,,,,,,,,,,
7977,,,,,,,,,,,,X,,X,,,,,,X,,,,X,,,,X,,,,
8588,,,,,,,,,,,,X,,X,,,,,,X,,,,X,,X,,X,,,,X
7044,,,,,,,,,,,,X,,X,,,,,,X,,,,X,,X,,X,,,,X
8589,,,,,,,,,,,,X,,,,,,,,,,,,,,,,,,,,
7775,,,,,,,,,,,,X,,,,,,,,X,,,,,,,,,,,,
8590,,,,,,,,,,,,X,,,,,,,,,,,,,,,,,,,,
8591,,,,,,,,,,,,X,,,,,,,,,,,,,,,,,,,,
8592,,,,,,,,,,,,X,,X,,,,,,,,,,,,,,,,,,
7630,,,,,,,,,,,,X,,X,,,,,,,,,,,,,,,,,,
7631,,,,,,,,,,,,X,,,,,,,,,,,,,,,,,,,,
7632,,,,,,,,,,,,X,,,,,,,,,,,,,,,,,,,,
7633,,,,,,,,,,,,X,,,,,,,,,,,,,,,,,,,,
7634,,,,,,,,,,,,X,,,,,,,,,,,,,,,,,,,,
7635,,,,,,,,,,,,X,,,,,,,,,,,,,,,,,,,,
8593,,,,,,,,,,,,X,,,,,,,,,,,,,,,,,,,,
7636,,,,,,,,,,,,X,,,,,,,,,,,,,,,,,,,,
7640,,,,,,,,,,,,X,,,,,,,,,,,,,,,,,,,,
8594,,,,,,,,,,,,,X,,,,,,,,,,,,,,,,,,,
8595,,,,,,,,,,,,,X,,,,,,,,,,,,,,,,,,,
8596,,,,,,,,,,,,,X,,,,,,,,,,,,,,,,,,,
8597,,,,,,,,,,,,,X,,,,,,,,,,,,,,,,,,,
8598,,,,,,,,,,,,,X,,,,,,,,,,,,,,,,,,,
8599,,,,,,,,,,,,,X,X,,,,,,,,,,,,,,,,,,
8600,,,,,,,,,,,,,X,,,,,,,,,,,,,,,,,,,
8601,,,,,,,,,,,,,X,,,,,,,,,,,,,,,,,,,
8602,,,,,,,,,,,,,X,,,,,,,,,,,,,,,,,,,
8603,,,,,,,,,,,,,X,,,,,,,,,,,,,,,,,,,
8604,,,,,,,,,,,,,,X,,,,,,,,,,,,,,,,,,
8605,,,,,,,,,,,,,,X,,,,,,,,,,,,,,,,,,
8606,,,,,,,,,,,,,,X,,,,,,,,,,,,,,,,,,
8607,,,,,,,,,,,,,,X,,,,,,,,,,,,,,,,,,
7652,,,,,,,,,,,,,,X,,,,,,,,,,,,,,,,,,
7504,,,,,,,,,,,,,,X,,,,,,,,,,,,,,,,,,
7505,,,,,,,,,,,,,,X,,,,,,,,,,,,,,,,,,
9139,,,,,,,,,,,,,,,,,,,X,,X,,,,,,,,,,,
8608,,,,,,,,,,,,,,,,,,,X,,X,,,,,,,,,,,
8609,,,,,,,,,,,,,,,,,,,X,,,,,,,,,,,,,
8610,,,,,,,,,,,,,,,,,,,X,,,,,,,,,,,,,
8611,,,,,,,,,,,,,,,,,,,X,,,,,,,,,,,,,
8612,,,,,,,,,,,,,,,,,,,X,,,,,,,,,,,,,
8613,,,,,,,,,,,,,,,,,,,X,,,,,,,,,,,,,
8614,,,,,,,,,,,,,,,,,,,X,,,,,,,,,,,,,
8615,,,,,,,,,,,,,,,,,,,X,,X,,,,,,,,,,,
8616,,,,,,,,,,,,,,,,,,,X,,X,,,,,,,,,,,
8617,,,,,,,,,,,,,,,,,,,X,,X,,,,,,,,,,,
8618,,,,,,,,,,,,,,,,,,,X,,X,,,,,,,,,,,
8619,,,,,,,,,,,,,,,,,,,X,,X,,,,,,,,,,,
8620,,,,,,,,,,,,,,,,,,,X,,X,,,,,,,,,,,
8621,,,,,,,,,,,,,,,,,,,X,,X,,,,,,,,,,,
8622,,,,,,,,,,,,,,,,,,,X,,X,,,,,,,,,,,
8623,,,,,,,,,,,,,,,,,,,X,,X,,,,,,,,,,,
8624,,,,,,,,,,,,,,,,,,,X,,,,,,,,,,,,,
8625,,,,,,,,,,,,,,,,,,,X,,X,,,,,,,,,,,
8626,,,,,,,,,,,,,,,,,,,X,,X,,X,,,,,,,,,
8627,,,,,,,,,,,,,,,,,,,X,,X,,,,,,,,,,,
8628,,,,,,,,,,,,,,,,,,,X,,X,,,,,,,,X,,,
8629,,,,,,,,,,,,,,,,,,,X,,,,X,,,,,,,,,
8630,,,,,,,,,,,,,,,,,,,X,,,,X,,,,,,,,,
8631,,,,,,,,,,,,,,,,,,,X,,,,X,,,,,,,,,
8632,,,,,,,,,,,,,,,,,,,X,,,,X,,,,,,,,,
8124,,,,,,,,,,,,,,,,,,,X,,,,X,,,,,,,,,
8633,,,,,,,,,,,,,,,,,,,X,,,,X,,,,,,,,,
8634,,,,,,,,,,,,,,,,,,,X,,,,X,,,,,,,,,
8635,,,,,,,,,,,,,,,,,,,X,,,,X,,,,,,,,,
8636,,,,,,,,,,,,,,,,,,,X,,,,X,,,,,,,,,
8637,,,,,,,,,,,,,,,,,,,X,,,,X,,,,,,,,,
7952,,,,,,,,,,,,,,,,,,,X,,X,,X,,,,,,,,,
7953,,,,,,,,,,,,,,,,,,,X,,X,,X,,,,,,,,,
8638,,,,,,,,,,,,,,,,,,,X,,X,,X,,,,,,,,,
8639,,,,,,,,,,,,,,,,,,,X,,X,,X,,,,,,,,,
8640,,,,,,,,,,,,,,,,,,,X,,X,,X,,,,,,,,,
7192,,,,,,,,,,,,,,,,,,,X,,X,,X,,X,,,,,,,
8641,,,,,,,,,,,,,,,,,,,X,,,,X,,,,X,,,,,
8642,,,,,,,,,,,,,,,,,,,X,,,,,,,,X,,,,,
8643,,,,,,,,,,,,,,,,,,,X,,,,,,,,X,,,,,
8644,,,,,,,,,,,,,,,,,,,X,,,,X,,,,X,,,,X,
8645,,,,,,,,,,,,,,,,,,,X,,,,X,,,,X,,,,X,
8646,,,,,,,,,,,,,,,,,,,X,,,,X,,,,X,,,,X,
8647,,,,,,,,,,,,,,,,,,,X,,,,X,,,,X,,,,X,
8648,,,,,,,,,,,,,,,,,,,X,,,,X,,,,X,,,,X,
8649,,,,,,,,,,,,,,,,,,,X,,,,X,,,,X,,,,X,
8650,,,,,,,,,,,,,,,,,,,X,,,,X,,,,X,,,,X,
8651,,,,,,,,,,,,,,,,,,,X,,,,X,,,,X,,,,X,
8652,,,,,,,,,,,,,,,,,,,X,,,,X,,X,,X,,,,X,
8653,,,,,,,,,,,,,,,,,,,X,,,,X,,X,,X,,,,X,
8654,,,,,,,,,,,,,,,,,,,X,,,,X,,,,X,,,,X,
8655,,,,,,,,,,,,,,,,,,,X,,,,X,,,,X,,,,X,
8656,,,,,,,,,,,,,,,,,,,X,,,,X,,,,X,,,,X,
8657,,,,,,,,,,,,,,,,,,,X,,,,X,,,,X,,,,X,
8049,,,,,,,,,,,,,,,,,,,X,,,,X,,X,,X,,,,X,
8658,,,,,,,,,,,,,,,,,,,X,,,,,,X,,,,,,X,
8659,,,,,,,,,,,,,,,,,,,X,,,,,,X,,,,,,X,
8660,,,,,,,,,,,,,,,,,,,X,,,,,,X,,,,,,X,
8661,,,,,,,,,,,,,,,,,,,X,,,,,,X,,,,,,X,
8662,,,,,,,,,,,,,,,,,,,X,,,,,,,,,,,,X,
8663,,,,,,,,,,,,,,,,,,,X,,,,,,,,,,,,X,
8664,,,,,,,,,,,,,,,,,,,X,,,,,,,,,,,,X,
8665,,,,,,,,,,,,,,,,,,,X,,,,,,,,,,,,X,
8666,,,,,,,,,,,,,,,,,,,X,,,,,,,,,,,,X,
8667,,,,,,,,,,,,,,,,,,,X,,,,X,,X,,,,,,X,
8668,,,,,,,,,,,,,,,,,,,X,,,,X,,X,,,,,,X,
8669,,,,,,,,,,,,,,,,,,,,X,,,,,,,,,,,,
8670,,,,,,,,,,,,,,,,,,,,X,,,,,,,,,,,,
8671,,,,,,,,,,,,,,,,,,,,X,,,,,,X,,,,,,X
8672,,,,,,,,,,,,,,,,,,,,X,,,,,,,,,,,,X
8673,,,,,,,,,,,,,,,,,,,,X,,,,,,,,,,,,X
8674,,,,,,,,,,,,,,,,,,,,X,,,,,,,,,,,,X
8675,,,,,,,,,,,,,,,,,,,,X,,,,,,,,,,,,X
8676,,,,,,,,,,,,,,,,,,,,X,,,,,,,,,,,,X
8677,,,,,,,,,,,,,,,,,,,,X,,,,,,,,,,,,X
8678,,,,,,,,,,,,,,,,,,,,X,,,,,,,,,,,,X
8679,,,,,,,,,,,,,,,,,,,,X,,,,,,X,,,,,,X
8680,,,,,,,,,,,,,,,,,,,,X,,,,,,X,,,,,,X
8681,,,,,,,,,,,,,,,,,,,,X,,,,X,,X,,,,,,X
8050,,,,,,,,,,,,,,,,,,,,X,,,,,,,,,,,,
8051,,,,,,,,,,,,,,,,,,,,X,,,,,,,,X,,,,
8176,,,,,,,,,,,,,,,,,,,,X,,,,,,,,X,,,,
8683,,,,,,,,,,,,,,,,,,,,X,,,,X,,,,X,,,,X
8684,,,,,,,,,,,,,,,,,,,,X,,,,X,,,,X,,,,X
8685,,,,,,,,,,,,,,,,,,,,X,,,,X,,X,,X,,,,X
8686,,,,,,,,,,,,,,,,,,,,X,,,,X,,X,,X,,,,X
8687,,,,,,,,,,,,,,,,,,,,X,,,,X,,X,,X,,,,X
8688,,,,,,,,,,,,,,,,,,,,X,,,,X,,,,X,,,,X
8689,,,,,,,,,,,,,,,,,,,,X,,,,X,,,,X,,,,X
8690,,,,,,,,,,,,,,,,,,,,X,,,,X,,,,X,,,,X
8691,,,,,,,,,,,,,,,,,,,,X,,,,X,,,,X,,,,X
8692,,,,,,,,,,,,,,,,,,,,X,,,,X,,,,X,,,,X
8693,,,,,,,,,,,,,,,,,,,,X,,,,X,,,,X,,,,X
8694,,,,,,,,,,,,,,,,,,,,X,,,,X,,,,X,,,,X
8695,,,,,,,,,,,,,,,,,,,,X,,,,X,,,,X,,,,X
8696,,,,,,,,,,,,,,,,,,,,X,,,,,,,,X,,,,X
8697,,,,,,,,,,,,,,,,,,,,X,,,,X,,,,X,,,,X
8698,,,,,,,,,,,,,,,,,,,,X,,,,X,,X,,X,,,,X
8699,,,,,,,,,,,,,,,,,,,,X,,,,,,,,X,,,,
8700,,,,,,,,,,,,,,,,,,,,X,,,,,,,,,,,,
7299,,,,,,,,,,,,,,,,,,,,X,,X,,X,,,,,,,,
7300,,,,,,,,,,,,,,,,,,,,X,,X,,X,,,,,,,,
7301,,,,,,,,,,,,,,,,,,,,X,,X,,X,,,,,,,,
7925,,,,,,,,,,,,,,,,,,,,X,,,,X,,,,,,,,
8701,,,,,,,,,,,,,,,,,,,,X,,,,X,,,,,,,,
8702,,,,,,,,,,,,,,,,,,,,X,,,,X,,,,,,,,
8703,,,,,,,,,,,,,,,,,,,,X,,,,X,,,,,,,,
8704,,,,,,,,,,,,,,,,,,,,X,,,,X,,,,,,,,
8705,,,,,,,,,,,,,,,,,,,,X,,,,X,,,,,,,,
8706,,,,,,,,,,,,,,,,,,,,X,,,,X,,,,,,,,
8106,,,,,,,,,,,,,,,,,,,,X,,,,X,,,,,,,,
8107,,,,,,,,,,,,,,,,,,,,X,,,,X,,,,,,,,
8707,,,,,,,,,,,,,,,,,,,,X,,,,X,,,,,,,,
8708,,,,,,,,,,,,,,,,,,,,X,,,,X,,,,,,,,
8709,,,,,,,,,,,,,,,,,,,,X,,,,X,,,,,,,,
8710,,,,,,,,,,,,,,,,,,,,X,,,,X,,,,,,,,
8711,,,,,,,,,,,,,,,,,,,,X,,,,X,,,,,,,,
8712,,,,,,,,,,,,,,,,,,,,X,,,,X,,,,,,,,
8713,,,,,,,,,,,,,,,,,,,,X,,X,,X,,,,,,X,,
8714,,,,,,,,,,,,,,,,,,,,X,,X,,X,,,,,,,,
8715,,,,,,,,,,,,,,,,,,,,X,,X,,,,,,,,,,
8716,,,,,,,,,,,,,,,,,,,,X,,X,,,,,,,,,,
8717,,,,,,,,,,,,,,,,,,,,X,,,,,,,,,,,,
8718,,,,,,,,,,,,,,,,,,,,X,,,,,,,,,,,,
8719,,,,,,,,,,,,,,,,,,,,X,,,,,,,,,,,,
8720,,,,,,,,,,,,,,,,,,,,X,,,,,,,,,,,,
8721,,,,,,,,,,,,,,,,,,,,X,,,,,,,,,,,,
8722,,,,,,,,,,,,,,,,,,,,X,,,,,,,,,,,,
8723,,,,,,,,,,,,,,,,,,,,X,,,,,,,,,,,,
8724,,,,,,,,,,,,,,,,,,,,X,,,,,,,,,,,,
8725,,,,,,,,,,,,,,,,,,,,X,,,,,,,,,,,,
8726,,,,,,,,,,,,,,,,,,,,X,,,,,,,,,,,,
8727,,,,,,,,,,,,,,,,,,,,X,,,,,,,,,,,,
8728,,,,,,,,,,,,,,,,,,,,X,,,,,,,,,,,,
8729,,,,,,,,,,,,,,,,,,,,X,,,,,,,,,,,,
8730,,,,,,,,,,,,,,,,,,,,X,,,,,,,,,,,,
8731,,,,,,,,,,,,,,,,,,,,X,,,,,,,,,,,,
8732,,,,,,,,,,,,,,,,,,,,X,,,,,,,,,,,,
8733,,,,,,,,,,,,,,,,,,,,X,,X,,,,,,,,,,
8734,,,,,,,,,,,,,,,,,,,,X,,X,,,,,,,,,,
8735,,,,,,,,,,,,,,,,,,,,,,,X,,,,,,,,,
8736,,,,,,,,,,,,,,,,,,,,,,,X,,,,,,,,,
8737,,,,,,,,,,,,,,,,,,,,,,,X,,,,,,,,,
8738,,,,,,,,,,,,,,,,,,,,,,,X,,,,,,,,,
8739,,,,,,,,,,,,,,,,,,,,,,,X,,,,,,,,,
8740,,,,,,,,,,,,,,,,,,,,,,,X,,,,,,,,,
8741,,,,,,,,,,,,,,,,,,,,,,,X,,,,,,,,,
8742,,,,,,,,,,,,,,,,,,,,,,,X,,,,,,,,,
8743,,,,,,,,,,,,,,,,,,,,,,,X,,,,,,X,,,
8744,,,,,,,,,,,,,,,,,,,,,,,X,,,,,,X,,,
8745,,,,,,,,,,,,,,,,,,,,,,,X,,,,,,X,,,
8746,,,,,,,,,,,,,,,,,,,,,,,X,,,,,,X,,,
8747,,,,,,,,,,,,,,,,,,,,,,,X,,,,,,X,,,
8748,,,,,,,,,,,,,,,,,,,,,,,X,,,,,,X,,,
8749,,,,,,,,,,,,,,,,,,,,,,,X,,,,,,X,,,
8750,,,,,,,,,,,,,,,,,,,,,,,X,,,,,,X,,,
8751,,,,,,,,,,,,,,,,,,,,,,,X,,,,,,X,,,
8752,,,,,,,,,,,,,,,,,,,,,,,X,,,,,,X,,,
8753,,,,,,,,,,,,,,,,,,,,,,,X,,X,,X,,X,,,
8754,,,,,,,,,,,,,,,,,,,,,,,X,,,,,,X,,,
8755,,,,,,,,,,,,,,,,,,,,,,,X,,,,,,X,,,
8756,,,,,,,,,,,,,,,,,,,,,,,X,,X,,,,X,,,
8757,,,,,,,,,,,,,,,,,,,,,,,X,,X,,,,X,,,
8758,,,,,,,,,,,,,,,,,,,,,,,X,,,,,,,,,
8759,,,,,,,,,,,,,,,,,,,,,X,,X,,,,,,,,,
8760,,,,,,,,,,,,,,,,,,,,,,,X,,,,X,,,,,
8761,,,,,,,,,,,,,,,,,,,,,,,X,,,,X,,,,,
8762,,,,,,,,,,,,,,,,,,,,,,,X,,,,X,,,,,
8763,,,,,,,,,,,,,,,,,,,,,,,X,,,,,,,,,
8764,,,,,,,,,,,,,,,,,,,,,,,X,,,,,,,,,
8765,,,,,,,,,,,,,,,,,,,,,,,X,,,,,,,,,
8766,,,,,,,,,,,,,,,,,,,,,,,X,,,,,,,,,
8767,,,,,,,,,,,,,,,,,,,,,,,X,,X,,,,,,X,
8768,,,,,,,,,,,,,,,,,,,,,,,X,,X,,,,,,X,
8769,,,,,,,,,,,,,,,,,,,,,,,X,,X,,,,,,X,
8770,,,,,,,,,,,,,,,,,,,,,,,X,,X,,,,,,,
8771,,,,,,,,,,,,,,,,,,,,,,,X,,X,,X,,,,,
8772,,,,,,,,,,,,,,,,,,,,,,,X,,X,,,,,,,
8773,,,,,,,,,,,,,,,,,,,,,,,X,,X,,,,,,,
8774,,,,,,,,,,,,,,,,,,,,,,,X,,X,,,,,,,
8775,,,,,,,,,,,,,,,,,,,,,,,X,,X,,,,,,,
8776,,,,,,,,,,,,,,,,,,,,,,,X,,X,,,,,,,
8777,,,,,,,,,,,,,,,,,,,,,,,X,,X,,,,,,,
8778,,,,,,,,,,,,,,,,,,,,,,,X,,X,,,,,,,
8779,,,,,,,,,,,,,,,,,,,,,,,X,,,,,,,,,
8780,,,,,,,,,,,,,,,,,,,,,,,X,,,,,,,,,
8781,,,,,,,,,,,,,,,,,,,,,,,X,,,,,,,,,
8782,,,,,,,,,,,,,,,,,,,,,,,X,,,,,,,,,
8783,,,,,,,,,,,,,,,,,,,,,,,X,,,,,,,,,
8784,,,,,,,,,,,,,,,,,,,,,,,X,,,,,,,,,
8785,,,,,,,,,,,,,,,,,,,,,,,X,,,,,,,,,
8786,,,,,,,,,,,,,,,,,,,,,,,X,,,,,,,,,
8787,,,,,,,,,,,,,,,,,,,,,,,,X,,,,,,,,
8788,,,,,,,,,,,,,,,,,,,,,,,,X,,,,,,,,
8789,,,,,,,,,,,,,,,,,,,,,,,,X,,,,,,,,
8790,,,,,,,,,,,,,,,,,,,,,,,,X,,,,,,,,
8791,,,,,,,,,,,,,,,,,,,,,,,,X,,,,,,,,
8792,,,,,,,,,,,,,,,,,,,,,,,,X,,,,,,,,
8793,,,,,,,,,,,,,,,,,,,,,,,,X,,,,,,,,
8794,,,,,,,,,,,,,,,,,,,,,,,,X,,,,,,,,
8795,,,,,,,,,,,,,,,,,,,,,,,,X,,,,,,,,
8796,,,,,,,,,,,,,,,,,,,,,,,,X,,,,,,,,
8797,,,,,,,,,,,,,,,,,,,,,,,,X,,,,,,,,
8798,,,,,,,,,,,,,,,,,,,,,,,,X,,,,,,,,
8799,,,,,,,,,,,,,,,,,,,,,,,,X,,,,,,,,
8800,,,,,,,,,,,,,,,,,,,,,,,,X,,,,,,,,
8801,,,,,,,,,,,,,,,,,,,,,,,,X,,,,,,,,
8802,,,,,,,,,,,,,,,,,,,,,,,,X,,,,,,,,
8803,,,,,,,,,,,,,,,,,,,,,,,,X,,,,,,,,
8804,,,,,,,,,,,,,,,,,,,,,,,,X,,,,,,,,
8805,,,,,,,,,,,,,,,,,,,,,,,,X,,,,,,,,
8806,,,,,,,,,,,,,,,,,,,,,,,,X,,,,,,,,
8807,,,,,,,,,,,,,,,,,,,,,,,,X,,,,,,,,
8808,,,,,,,,,,,,,,,,,,,,,,,,X,,,,,,,,
8809,,,,,,,,,,,,,,,,,,,,,,,,X,,,,,,,,
8810,,,,,,,,,,,,,,,,,,,,,,,,X,,,,,,,,
8811,,,,,,,,,,,,,,,,,,,,,,,,X,,,,,,,,
8812,,,,,,,,,,,,,,,,,,,,,,,,X,,,,,,,,
8813,,,,,,,,,,,,,,,,,,,,,,,,X,,,,,,,,
8814,,,,,,,,,,,,,,,,,,,,,,,,X,,,,,,,,
8815,,,,,,,,,,,,,,,,,,,,,,,,X,,,,,,,,
8816,,,,,,,,,,,,,,,,,,,,,,,,X,,,,,,,,
8817,,,,,,,,,,,,,,,,,,,,,,,,X,,X,,,,,,
8818,,,,,,,,,,,,,,,,,,,,,,,,X,,X,,,,,,
8819,,,,,,,,,,,,,,,,,,,,,,,,X,,X,,,,,,
8820,,,,,,,,,,,,,,,,,,,,,,,,X,,X,,,,,,
8821,,,,,,,,,,,,,,,,,,,,,,,,X,,X,,,,,,
8822,,,,,,,,,,,,,,,,,,,,,,,,X,,X,,,,,,
8823,,,,,,,,,,,,,,,,,,,,,,,,X,,X,,X,,,,
8824,,,,,,,,,,,,,,,,,,,,,,,,X,,X,,,,,,X
8825,,,,,,,,,,,,,,,,,,,,,,,,X,,X,,,,,,X
8826,,,,,,,,,,,,,,,,,,,,,,,,X,,,,,,,,
8827,,,,,,,,,,,,,,,,,,,,,,,,X,,,,,,,,
8828,,,,,,,,,,,,,,,,,,,,,,,,X,,,,,,,,
8829,,,,,,,,,,,,,,,,,,,,,,,,X,,,,,,,,
8830,,,,,,,,,,,,,,,,,,,,,,,,X,,,,,,,,
8831,,,,,,,,,,,,,,,,,,,,,,,,X,,,,,,,,
8832,,,,,,,,,,,,,,,,,,,,,,,,X,,,,,,,,
8833,,,,,,,,,,,,,,,,,,,,,,,,X,,,,,,,,
8834,,,,,,,,,,,,,,,,,,,,,,,,X,,X,,,,,,
8835,,,,,,,,,,,,,,,,,,,,,,,,X,,,,,,,,X
8836,,,,,,,,,,,,,,,,,,,,,,,,X,,,,,,,,X
7296,,,,,,,,,,,,,,,,,,,,,,X,,X,,,,,,,,
7297,,,,,,,,,,,,,,,,,,,,,,X,,X,,,,,,,,
7298,,,,,,,,,,,,,,,,,,,,,,X,,X,,,,,,,,
8837,,,,,,,,,,,,,,,,,,,,,,,,X,,,,,,,,
8838,,,,,,,,,,,,,,,,,,,,,,,,X,,,,,,X,,
8839,,,,,,,,,,,,,,,,,,,,,,,,X,,,,,,X,,
8840,,,,,,,,,,,,,,,,,,,,,,,,X,,,,,,X,,
8841,,,,,,,,,,,,,,,,,,,,,,,,X,,X,,,,X,,
8842,,,,,,,,,,,,,,,,,,,,,,,,X,,X,,,,X,,
8843,,,,,,,,,,,,,,,,,,,,,,,,X,,,,,,X,,
8844,,,,,,,,,,,,,,,,,,,,,,,,X,,,,,,X,,
8845,,,,,,,,,,,,,,,,,,,,,,,,X,,,,X,,X,,
8846,,,,,,,,,,,,,,,,,,,,,,,,X,,,,,,X,,
8847,,,,,,,,,,,,,,,,,,,,,,,,X,,,,,,X,,
8848,,,,,,,,,,,,,,,,,,,,,,,,X,,,,,,X,,
8849,,,,,,,,,,,,,,,,,,,,,,,,X,,,,,,X,,
8850,,,,,,,,,,,,,,,,,,,,,,,,X,,,,,,X,,
8851,,,,,,,,,,,,,,,,,,,,,,,,X,,,,,,X,,
8852,,,,,,,,,,,,,,,,,,,,,,,,X,,,,,,X,,
8853,,,,,,,,,,,,,,,,,,,,,,,,X,,,,,,X,,
8854,,,,,,,,,,,,,,,,,,,,,,,,X,,,,,,X,,
8855,,,,,,,,,,,,,,,,,,,,,,,,X,,,,,,X,,
8856,,,,,,,,,,,,,,,,,,,,,,,,X,,,,,,X,,
8857,,,,,,,,,,,,,,,,,,,,,,,,X,,,,,,,,
8858,,,,,,,,,,,,,,,,,,,,,,,,X,,,,,,,,
8859,,,,,,,,,,,,,,,,,,,,,,,,X,,,,,,,,
8860,,,,,,,,,,,,,,,,,,,,,,,,X,,,,,,,,
8861,,,,,,,,,,,,,,,,,,,,,,,,,X,,,,,,,
8862,,,,,,,,,,,,,,,,,,,,,,,,,X,,,,,,,
8863,,,,,,,,,,,,,,,,,,,,,,,,,X,,,,,,,
8864,,,,,,,,,,,,,,,,,,,,,,,,,X,,,,,,,
8865,,,,,,,,,,,,,,,,,,,,,,,,,X,,,,,,,
8866,,,,,,,,,,,,,,,,,,,,,,,,,X,,,,,,,
8867,,,,,,,,,,,,,,,,,,,,,,,,,X,,,,,,,
8868,,,,,,,,,,,,,,,,,,,,,,,,,X,,,,,,,
8869,,,,,,,,,,,,,,,,,,,,,,,,,X,,,,,,,
8870,,,,,,,,,,,,,,,,,,,,,,,,,X,,,,,X,,
8871,,,,,,,,,,,,,,,,,,,,,,,,,X,,,,,,,
8872,,,,,,,,,,,,,,,,,,,,,,,,,X,,,,,,,
8873,,,,,,,,,,,,,,,,,,,,,,,,,X,,,,,,,
8128,,,,,,,,,,,,,,,,,,,,,X,,,,X,,,,,,,
8874,,,,,,,,,,,,,,,,,,,,,X,,,,X,,,,,,,
8103,,,,,,,,,,,,,,,,,,,,,X,,,,X,,,,,,,
8875,,,,,,,,,,,,,,,,,,,,,X,,,,X,,,,,,,
8104,,,,,,,,,,,,,,,,,,,,,X,,,,X,,,,,,,
8876,,,,,,,,,,,,,,,,,,,,,,,,,X,,,,,,,
8877,,,,,,,,,,,,,,,,,,,,,,,,,X,,,,,,,
8878,,,,,,,,,,,,,,,,,,,,,,,,,X,,,,,,,
8879,,,,,,,,,,,,,,,,,,,,,,,,,X,,,,,,,
8880,,,,,,,,,,,,,,,,,,,,,,,,,X,,,,,,,
7927,,,,,,,,,,,,,,,,,,,,,,,,,X,,,,,,,
7928,,,,,,,,,,,,,,,,,,,,,,,,,X,,,,,,,
7929,,,,,,,,,,,,,,,,,,,,,,,,,X,,,,,,,
7930,,,,,,,,,,,,,,,,,,,,,,,,,X,,,,,,,
7931,,,,,,,,,,,,,,,,,,,,,,,,,X,,,,,,X,
7932,,,,,,,,,,,,,,,,,,,,,,,,,X,,,,,,X,
8881,,,,,,,,,,,,,,,,,,,,,,,,,X,,,,,,,
8882,,,,,,,,,,,,,,,,,,,,,,,,,X,,,,,,,
7178,,,,,,,,,,,,,,,,,,,,,,,,,X,,,,,,,
7179,,,,,,,,,,,,,,,,,,,,,,,,,X,,,,,,,
7187,,,,,,,,,,,,,,,,,,,,,,,,,X,,,,,,X,
7188,,,,,,,,,,,,,,,,,,,,,,,,,X,,,,,,X,X
7189,,,,,,,,,,,,,,,,,,,,,,,,,X,,,,,,X,
7190,,,,,,,,,,,,,,,,,,,,,,,,,X,,,,,,,
7191,,,,,,,,,,,,,,,,,,,,,,,,,X,,,,,,,
7193,,,,,,,,,,,,,,,,,,,,,X,,,,X,,,,,,,
7047,,,,,,,,,,,,,,,,,,,,,,X,,,X,,,,,,,
7048,,,,,,,,,,,,,,,,,,,,,,X,,,X,,,,,,,
7358,,,,,,,,,,,,,,,,,,,,,,,,,X,,,,,,,
8881,,,,,,,,,,,,,,,,,,,,,,,,,X,,,,,,,
8882,,,,,,,,,,,,,,,,,,,,,,,,,X,,,,,,,
8883,,,,,,,,,,,,,,,,,,,,,,,,,X,,,,,,,
8884,,,,,,,,,,,,,,,,,,,,,,,,,X,,,,,,,
8885,,,,,,,,,,,,,,,,,,,,,,,,,X,,,,,,,
8886,,,,,,,,,,,,,,,,,,,,,,,,,X,,,,,,,
8887,,,,,,,,,,,,,,,,,,,,,,,,,X,,,,,,,
8888,,,,,,,,,,,,,,,,,,,,,,,,,X,,,,,,,
8889,,,,,,,,,,,,,,,,,,,,,,,,,X,,,,,,,
8890,,,,,,,,,,,,,,,,,,,,,,,,,X,,,,,,,
8891,,,,,,,,,,,,,,,,,,,,,,,,,X,,,,,,,
8892,,,,,,,,,,,,,,,,,,,,,,,,,X,,,,,,,
8893,,,,,,,,,,,,,,,,,,,,,,,,,X,,,,,,,
8894,,,,,,,,,,,,,,,,,,,,,,,,,X,,,,,,,
8895,,,,,,,,,,,,,,,,,,,,,,,,,X,,,,,,,
8896,,,,,,,,,,,,,,,,,,,,,,,,,X,,,,,,,
8897,,,,,,,,,,,,,,,,,,,,,,,,,X,,,,,,,
8898,,,,,,,,,,,,,,,,,,,,,,,,,X,,,,,,,
8899,,,,,,,,,,,,,,,,,,,,,,,,,X,,,,,,,
8900,,,,,,,,,,,,,,,,,,,,,,,,,X,,,,,,,
8901,,,,,,,,,,,,,,,,,,,,,,,,,X,,,,,,,
8902,,,,,,,,,,,,,,,,,,,,,,,,,X,,,,,,,
8903,,,,,,,,,,,,,,,,,,,,,,,,,X,,,,,,,
8904,,,,,,,,,,,,,,,,,,,,,,,,,X,,,,,,,
8905,,,,,,,,,,,,,,,,,,,,,,,,,X,,,,,,,
8906,,,,,,,,,,,,,,,,,,,,,,,,,X,,,,,,,
8907,,,,,,,,,,,,,,,,,,,,,,,,,X,,,,,,,
8908,,,,,,,,,,,,,,,,,,,,,,,,,X,,,,,,,
8909,,,,,,,,,,,,,,,,,,,,,,,,,,X,,,,,,
8910,,,,,,,,,,,,,,,,,,,,,,,,,,X,,,,,,
8911,,,,,,,,,,,,,,,,,,,,,,,,,,X,,,,,,
8912,,,,,,,,,,,,,,,,,,,,,,,,,,X,,,,,,
8913,,,,,,,,,,,,,,,,,,,,,,,,,,X,,,,,,
8914,,,,,,,,,,,,,,,,,,,,,,,,,,X,,,,,,
8915,,,,,,,,,,,,,,,,,,,,,,,,,,X,,,,,,
8916,,,,,,,,,,,,,,,,,,,,,,,,,,X,,,,,,
8917,,,,,,,,,,,,,,,,,,,,,,,,,,X,,,,,,
8918,,,,,,,,,,,,,,,,,,,,,,,,,,X,,,,,,
8919,,,,,,,,,,,,,,,,,,,,,,,,,,X,,,,,,
8920,,,,,,,,,,,,,,,,,,,,,,,,,,X,,,,,,
8921,,,,,,,,,,,,,,,,,,,,,,,,,,X,,,,,,
8922,,,,,,,,,,,,,,,,,,,,,,,,,,X,,,,,,
8923,,,,,,,,,,,,,,,,,,,,,,,,,,X,,,,,,
8924,,,,,,,,,,,,,,,,,,,,,,,,,,X,,,,,,
8179,,,,,,,,,,,,,,,,,,,,,,,,,,X,,,,,,
8925,,,,,,,,,,,,,,,,,,,,,,,,,,X,,,,,,
8926,,,,,,,,,,,,,,,,,,,,,,,,,,X,,,,,,
8927,,,,,,,,,,,,,,,,,,,,,,,,,,X,,,,,,
8928,,,,,,,,,,,,,,,,,,,,,,,,,,X,,,,,,
8929,,,,,,,,,,,,,,,,,,,,,,,,,,X,,,,,,
8930,,,,,,,,,,,,,,,,,,,,,,,,,,X,,,,,,
8931,,,,,,,,,,,,,,,,,,,,,,,,,,X,,,,,,
8932,,,,,,,,,,,,,,,,,,,,,,,,,,X,,,,,,
8933,,,,,,,,,,,,,,,,,,,,,,,,,,X,,,,,,
8934,,,,,,,,,,,,,,,,,,,,,,,,,,X,,,,,,
8935,,,,,,,,,,,,,,,,,,,,,,,,,,X,,,,,,
8936,,,,,,,,,,,,,,,,,,,,,,,,,,X,,,,,,
7175,,,,,,,,,,,,,,,,,,,,,,,,,,X,,,,,,X
7176,,,,,,,,,,,,,,,,,,,,,,,,,,X,,,,,,X
7177,,,,,,,,,,,,,,,,,,,,,,,,,,X,,,,,,
8937,,,,,,,,,,,,,,,,,,,,,,,,,,X,,,,,,
8938,,,,,,,,,,,,,,,,,,,,,,,,,,X,,,,,,
8005,,,,,,,,,,,,,,,,,,,,,,,,,,X,,,,,,X
8006,,,,,,,,,,,,,,,,,,,,,,,,,,X,,,,,,X
7947,,,,,,,,,,,,,,,,,,,,,,,,,,X,,,,,,
7948,,,,,,,,,,,,,,,,,,,,,,,,,,X,,,,,,
7949,,,,,,,,,,,,,,,,,,,,,,,,,,X,,,,,,
8939,,,,,,,,,,,,,,,,,,,,,,,,,,X,,,,,,
7950,,,,,,,,,,,,,,,,,,,,,,,,,,X,,,,,,
7951,,,,,,,,,,,,,,,,,,,,,,,,,,X,,,,,,
8940,,,,,,,,,,,,,,,,,,,,,,,,,,X,,,,,,
8941,,,,,,,,,,,,,,,,,,,,,,X,,,,X,,,,,,
8942,,,,,,,,,,,,,,,,,,,,,,X,,,,X,,,,,,
8943,,,,,,,,,,,,,,,,,,,,,,,,,,X,,,,,,
8944,,,,,,,,,,,,,,,,,,,,,,,,,,X,,,,,,
8945,,,,,,,,,,,,,,,,,,,,,,,,,,X,,,,,,
8946,,,,,,,,,,,,,,,,,,,,,,,,,,X,,,,,,
8127,,,,,,,,,,,,,,,,,,,,,,X,,,,X,,,,,,
8947,,,,,,,,,,,,,,,,,,,,,,X,,,,X,,,,,,
8948,,,,,,,,,,,,,,,,,,,,,X,X,,,,X,,,,,,
8949,,,,,,,,,,,,,,,,,,,,,,,,,,X,,,,,,
8950,,,,,,,,,,,,,,,,,,,,,,,,,,X,,,,,,
8951,,,,,,,,,,,,,,,,,,,,,,,,,,X,,,,,,
8952,,,,,,,,,,,,,,,,,,,,,,,,,,X,,,,,,
8953,,,,,,,,,,,,,,,,,,,,,,,,,,X,,,X,,,
8954,,,,,,,,,,,,,,,,,,,,,,,,,,X,,,,,,
8955,,,,,,,,,,,,,,,,,,,,,,,,,,X,,,,,,
8956,,,,,,,,,,,,,,,,,,,,,,,,,,X,,,,,,
8957,,,,,,,,,,,,,,,,,,,,,,,,,,X,,,,,,
8958,,,,,,,,,,,,,,,,,,,,,,,,,,X,,,,,,
8959,,,,,,,,,,,,,,,,,,,,,,,,,,X,,,,,,
8960,,,,,,,,,,,,,,,,,,,,,,,,,,X,,,,X,,
8961,,,,,,,,,,,,,,,,,,,,,,,,,,X,,,,,,
8962,,,,,,,,,,,,,,,,,,,,,,,,,,X,,,,,,
8963,,,,,,,,,,,,,,,,,,,,,,,,,,X,,,,,,
8964,,,,,,,,,,,,,,,,,,,,,,,,,,X,,,,,,
8965,,,,,,,,,,,,,,,,,,,,,,,,,,,,,X,,,
8966,,,,,,,,,,,,,,,,,,,,,,,,,,,,,X,,,
8967,,,,,,,,,,,,,,,,,,,,,,,,,,,,,X,,,
8968,,,,,,,,,,,,,,,,,,,,,,,,,,,,,X,,,
8969,,,,,,,,,,,,,,,,,,,,,,,,,,,,,X,,,
8970,,,,,,,,,,,,,,,,,,,,,,,,,,,,,X,,,
8971,,,,,,,,,,,,,,,,,,,,,,,,,,,,,X,,,
8972,,,,,,,,,,,,,,,,,,,,,,,,,,,,,X,,,
8973,,,,,,,,,,,,,,,,,,,,,,,,,,,,,X,,,
8974,,,,,,,,,,,,,,,,,,,,,,,,,,,,,X,,,
8975,,,,,,,,,,,,,,,,,,,,,,,,,,,,,X,,,
8976,,,,,,,,,,,,,,,,,,,,,,,,,,,,,X,,,
8977,,,,,,,,,,,,,,,,,,,,,,,,,,,,,X,,,
8978,,,,,,,,,,,,,,,,,,,,,,,,,,,,,X,,,
8979,,,,,,,,,,,,,,,,,,,,,,,,,,,,,X,,,
8980,,,,,,,,,,,,,,,,,,,,,,,,,,,,,X,,,
8981,,,,,,,,,,,,,,,,,,,,,,,,,,,,,X,,,
8982,,,,,,,,,,,,,,,,,,,,,,,,,,,,,X,,,
8983,,,,,,,,,,,,,,,,,,,,,,,,,,,,,X,,,
8984,,,,,,,,,,,,,,,,,,,,,,,,,,,,,X,,,
8985,,,,,,,,,,,,,,,,,,,,,,,,,,,,,X,,,
8986,,,,,,,,,,,,,,,,,,,,,,,,,,,X,,X,,,
8987,,,,,,,,,,,,,,,,,,,,,,,,,,,X,,X,,,
8988,,,,,,,,,,,,,,,,,,,,,,,,,,,X,,X,,,
8989,,,,,,,,,,,,,,,,,,,,,,,,,,,,,X,,,
8990,,,,,,,,,,,,,,,,,,,,,,,,,,,,,X,,,
8991,,,,,,,,,,,,,,,,,,,,,,,,,,,,,X,,,
8992,,,,,,,,,,,,,,,,,,,,,,,,,,,,,X,,,
8993,,,,,,,,,,,,,,,,,,,,,,,,,,,,,X,,,
8994,,,,,,,,,,,,,,,,,,,,,,,,,,,,,,X,,
8995,,,,,,,,,,,,,,,,,,,,,,,,,,,,,,X,,
8996,,,,,,,,,,,,,,,,,,,,,,,,,,,,,,X,,
8997,,,,,,,,,,,,,,,,,,,,,,,,,,,,,,X,,
8998,,,,,,,,,,,,,,,,,,,,,,,,,,,,,,X,,
8999,,,,,,,,,,,,,,,,,,,,,,,,,,X,,,,X,,
9000,,,,,,,,,,,,,,,,,,,,,,,,,,,,X,,X,,
9001,,,,,,,,,,,,,,,,,,,,,,,,,,,,X,,X,,
9002,,,,,,,,,,,,,,,,,,,,,,,,,,,,X,,X,,
9003,,,,,,,,,,,,,,,,,,,,,,,,,,,,,,X,,
9004,,,,,,,,,,,,,,,,,,,,,,,,,,,,,,X,,
9005,,,,,,,,,,,,,,,,,,,,,,,,,,,,,,X,,
9006,,,,,,,,,,,,,,,,,,,,,,,,,,,,,,X,,
9007,,,,,,,,,,,,,,,,,,,,,,,,,,,,,,X,,
9008,,,,,,,,,,,,,,,,,,,,,,,,,,,,,,X,,
9009,,,,,,,,,,,,,,,,,,,,,,,,,,,,,,X,,
9010,,,,,,,,,,,,,,,,,,,,,,,,,,,,,,X,,
9011,,,,,,,,,,,,,,,,,,,,,,,,,,,,,,X,,
9012,,,,,,,,,,,,,,,,,,,,,,,,,,,,,,X,,
9013,,,,,,,,,,,,,,,,,,,,,,,,,,,,,,X,,
9014,,,,,,,,,,,,,,,,,,,,,,,,,,,,,,X,,
9015,,,,,,,,,,,,,,,,,,,,,,,,,,,,,,X,,
9016,,,,,,,,,,,,,,,,,,,,,,,,,,,,,,X,,
7938,,,,,,,,,,,,,,,,,,,,,,,,,,,,,,,X,
7939,,,,,,,,,,,,,,,,,,,,,,,,,,,,,,,X,
7940,,,,,,,,,,,,,,,,,,,,,,,,,,,,,,,X,
9017,,,,,,,,,,,,,,,,,,,,,,,,,,,,,,,X,
7933,,,,,,,,,,,,,,,,,,,,,,,,,,,,,,,X,
7934,,,,,,,,,,,,,,,,,,,,,,,,,,,,,,,X,
7935,,,,,,,,,,,,,,,,,,,,,,,,,,,,,,,X,
9018,,,,,,,,,,,,,,,,,,,,,,,,,,,,,,,X,
7820,,,,,,,,,,,,,,,,,,,,,,,,,,,,,,,X,
9019,,,,,,,,,,,,,,,,,,,,,,,,,,,,,,,,X
9020,,,,,,,,,,,,,,,,,,,,,,,,,,,,,,,,X
7180,,,,,,,,,,,,,,,,,,,,,,,,,,,,,,,,X
9021,,,,,,,,,,,,,,,,,,,,,,,,,,,,,,,,X
8003,,,,,,,,,,,,,,,,,,,,,,,,,,,,,,,,X
8004,,,,,,,,,,,,,,,,,,,,,,,,,,,,,,,,X
8007,,,,,,,,,,,,,,,,,,,,,,,,,,,,,,,,X
7869,,,,,,,,,,,,,,,,,,,,,,,,,,,,,,,,X
7870,,,,,,,,,,,,,,,,,,,,,,,,,,,,,,,,X
9022,,,,,,,,,,,,,,,,,,,,,X,,,,,,,,,,,
9023,,,,,,,,,,,,,,,,,,,,,X,,,,,,,,,,,
9024,,,,,,,,,,,,,,,,,,,,,X,,,,,,,,,,,
9025,,,,,,,,,,,,,,,,,,,,,X,,,,,,,,,,,
9026,,,,,,,,,,,,,,,,,,,,,X,,,,,,,,,,,
9027,,,,,,,,,,,,,,,,,,,,,X,,,,,,,,,,,
9028,,,,,,,,,,,,,,,,,,,,,X,,,,,,,,,,,
9029,,,,,,,,,,,,,,,,,,,,,X,,,,,,,,,,,
9030,,,,,,,,,,,,,,,,,,,,,X,,,,,,,,,,,
9031,,,,,,,,,,,,,,,,,,,,,X,,,,,,,,,,,
9032,,,,,,,,,,,,,,,,,,,,,X,,,,,,,,,,,
9033,,,,,,,,,,,,,,,,,,,,,X,,,,,,,,,,,
9034,,,,,,,,,,,,,,,,,,,,,X,,,,,,,,,,,
9035,,,,,,,,,,,,,,,,,,,,,X,,,,,,,,,,,
9036,,,,,,,,,,,,,,,,,,,,,X,,,,,,,,,,,
9037,,,,,,,,,,,,,,,,,,,,,X,,,,,,,,,,,
9038,,,,,,,,,,,,,,,,,,,,,X,,,,,,,,,,,
9039,,,,,,,,,,,,,,,,,,,,,X,,,,,,,,,,,
9040,,,,,,,,,,,,,,,,,,,,,X,,,,,,,,,,,
9041,,,,,,,,,,,,,,,,,,,,,X,,,,,,,,,,,
7575,,,,,,,,,,,,,,,,,,,,,,X,,,,,,,,,,
9042,,,,,,,,,,,,,,,,,,,,,,X,,,,,,,,,,
9043,,,,,,,,,,,,,,,,,,,,,,X,,,,,,,,,,
9044,,,,,,,,,,,,,,,,,,,,,,X,,,,,,,,,,
9045,,,,,,,,,,,,,,,,,,,,,,X,,,,,,,,,,
9046,,,,,,,,,,,,,,,,,,,,,,X,,,,,,,,,,
8126,,,,,,,,,,,,,,,,,,,,,,X,,,,,,,,,,
9047,,,,,,,,,,,,,,,,,,,,,,X,,,,,,,,,,
9048,,,,,,,,,,,,,,,,,,,,,,X,,,,,,,,,,
9049,,,,,,,,,,,,,,,,,,,,,,X,,,,,,,,,,
9050,,,,,,,,,,,,,,,,,,,,,,X,,,,,,,,,,
9051,,,,,,,,,,,,,,,,,,,,,,X,,,,,,,,,,
9052,,,,,,,,,,,,,,,,,,,,,,X,,,,,,,,,,
9053,,,,,,,,,,,,,,,,,,,,,,X,,,,,,,,,,
9054,,,,,,,,,,,,,,,,,,,,,,X,,,,,,,,,,
9055,,,,,,,,,,,,,,,,,,,,,,X,,,,,,,,,,
9056,,,,,,,,,,,,,,,,,,,,,,X,,,,,,,,,,
9057,,,,,,,,,,,,,,,,,,,,,,X,,,,,,,,,,
9058,,,,,,,,,,,,,,,,,,,,,,X,,,,,,,,,,
9059,,,,,,,,,,,,,,,,,,,,,,X,,,,,,,,,,
9060,,,,,,,,,,,,,,,,,,,,,,X,,,,,,,,,,
9061,,,,,,,,,,,,,,,,,,,,,,X,,,,,,,,,,
9062,,,,,,,,,,,,,,,,,,,,,,X,,,,,,,,,,
9063,,,,,,,,,,,,,,,,,,,,,,X,,,,,,,,,,
9064,,,,,,,,,,,,,,,,,,,,,,X,,,,,,,,,,
9065,,,,,,,,,,,,,,,,,,,,,,X,,,,,,,,,,
9066,,,,,,,,,,,,,,,,,,,,,,,,,,,X,,,,,
9067,,,,,,,,,,,,,,,,,,,,,,,,,,,X,,,,,
9068,,,,,,,,,,,,,,,,,,,,,,,,,,,X,,,,,
9069,,,,,,,,,,,,,,,,,,,,,,,,,,,X,,,,,
9070,,,,,,,,,,,,,,,,,,,,,,,,,,,X,,,,,
9071,,,,,,,,,,,,,,,,,,,,,,,,,,,X,,,,,
9072,,,,,,,,,,,,,,,,,,,,,,,,,,,X,,,,,
9073,,,,,,,,,,,,,,,,,,,,,,,,,,,X,,,,,
9074,,,,,,,,,,,,,,,,,,,,,,,,,,,X,X,,,,
9075,,,,,,,,,,,,,,,,,,,,,,,,,,,X,X,,,,
9076,,,,,,,,,,,,,,,,,,,,,,,,,,,X,,,,,
9077,,,,,,,,,,,,,,,,,,,,,,,,,,,X,,,,,
9078,,,,,,,,,,,,,,,,,,,,,,,,,,,X,,,,,
9079,,,,,,,,,,,,,,,,,,,,,,,,,,,X,,,,,
9080,,,,,,,,,,,,,,,,,,,,,,,,,,,X,,,,,
9081,,,,,,,,,,,,,,,,,,,,,,,,,,,X,,,,,
9082,,,,,,,,,,,,,,,,,,,,,,,,,,,X,,,,,
9083,,,,,,,,,,,,,,,,,,,,,,,,,,,X,,,,,
9084,,,,,,,,,,,,,,,,,,,,,,,,,,,X,,,,,
9085,,,,,,,,,,,,,,,,,,,,,,,,,,,X,,,,,
9086,,,,,,,,,,,,,,,,,,,,,,,,,,,X,,,,,
9087,,,,,,,,,,,,,,,,,,,,,,,,,,,X,,,,,
9088,,,,,,,,,,,,,,,,,,,,,,,,,,,X,,,,,
9089,,,,,,,,,,,,,,,,,,,,,,,,,,,X,,,,,
9090,,,,,,,,,,,,,,,,,,,,,,,,,,,X,,,,,
9091,,,,,,,,,,,,,,,,,,,,,,,,,,,X,,,,,
9092,,,,,,,,,,,,,,,,,,,,,,,,,,,X,,,,,
9093,,,,,,,,,,,,,,,,,,,,,,,,,,,X,,,,,
9094,,,,,,,,,,,,,,,,,,,,,,,,,,,X,,,,,
9095,,,,,,,,,,,,,,,,,,,,,,,,,,,X,,,,,
9096,,,,,,,,,,,,,,,,,,,,,,,,,,,X,,,,,
9097,,,,,,,,,,,,,,,,,,,,,,,,,,,X,,,,,
9098,,,,,,,,,,,,,,,,,,,,,,,,,,,X,,,,,
9099,,,,,,,,,,,,,,,,,,,,,,,,,,,X,,,,,
9100,,,,,,,,,,,,,,,,,,,,,,,,,,,X,,,,,
9101,,,,,,,,,,,,,,,,,,,,,,,,,,,X,,,,,
9102,,,,,,,,,,,,,,,,,,,,,,,,,,,,X,,,,
9103,,,,,,,,,,,,,,,,,,,,,,,,,,,,X,,,,
9104,,,,,,,,,,,,,,,,,,,,,,,,,,,,X,,,,
9105,,,,,,,,,,,,,,,,,,,,,,,,,,,,X,,,,
9106,,,,,,,,,,,,,,,,,,,,,,,,,,,,X,,,,
9107,,,,,,,,,,,,,,,,,,,,,,,,,,,,X,,,,
9108,,,,,,,,,,,,,,,,,,,,,,,,,,,,X,,,,
9109,,,,,,,,,,,,,,,,,,,,,,,,,,,,X,,,,
9110,,,,,,,,,,,,,,,,,,,,,,,,,,,,X,,,,
9111,,,,,,,,,,,,,,,,,,,,,,,,,,,,X,,,,
9112,,,,,,,,,,,,,,,,,,,,,,,,,,,,X,,,,
9113,,,,,,,,,,,,,,,,,,,,,,,,,,,,X,,,,
9114,,,,,,,,,,,,,,,,,,,,,,,,,,,,X,,,,
9115,,,,,,,,,,,,,,,,,,,,,,,,,,,,X,,,,
9116,,,,,,,,,,,,,,,,,,,,,,,,,,,,X,,,,
9117,,,,,,,,,,,,,,,,,,,,,,,,,,,,X,,,,
9118,,,,,,,,,,,,,,,,,,,,,,,,,,,,X,,,,
9119,,,,,,,,,,,,,,,,,,,,,,,,,,,,X,,,,
9120,,,,,,,,,,,,,,,,,,,,,,,,,,,,X,,,,
9121,,,,,,,,,,,,,,,,,,,,,,,,,,,,X,,,,
9122,,,,,,,,,,,,,,,,,,,,,,,,,,,,X,,,,
9123,,,,,,,,,,,,,,,,,,,,,,,,,,,,X,,,,
9124,,,,,,,,,,,,,,,,,,,,,,,,,,,,X,,,,
9125,,,,,,,,,,,,,,,,,,,,,,,,,,,,X,,,,
9126,,,,,,,,,,,,,,,,,,,,,,,,,,,,X,,,,
9127,,,,,,,,,,,,,,,,,,,,,,,,,,,,X,,,,
9128,,,,,,,,,,,,,,,,,,,,,,,,,,,,X,,,,
9129,,,,,,,,,,,,,,,,,,,,,,,,,,,,X,,,,
9130,,,,,,,,,,,,,,,,,,,,,,,,,,,,X,,,,
9131,,,,,,,,,,,,,,,,,,,,,,,,,,,,X,,,,
9132,,,,,,,,,,,,,,,,,,,,,,,,,,,,X,,,,
9133,,,,,,,,,,,,,,,,,,,,,,,,,,,,X,,,,
9134,,,,,,,,,,,,,,,,,,,,,,,,,,,,X,,,,
9135,,,,,,,,,,,,,,,,,,,,,,,,,,,,X,,,,
9136,,,,,,,,,,,,,,,,,,,,,,,,,,,,X,,,,
9137,,,,,,,,,,,,,,,,,,,,,,,,,,,,X,,,,
9138,,,,,,,,,,,,,,,,,,,,,,,,,,,,X,,,,
